Name,Accuracy,Balanced_Accuracy,FN,FP,F_Measure,Negative,Negative-Recall,Positive,Precision,Recall,TN,TP
KBest_23_mutual_info_classif_Oversampling_eval2,0.9883843717001056,0.901953544575725,3,8,0.7027027027027026,134400,0.99140708915145,3121,0.6190476190476191,0.8125,923,13
KBest_72_chi2_Oversampling_eval2,0.9820485744456178,0.8987312030075187,3,14,0.6046511627906976,133518,0.9849624060150376,4003,0.48148148148148145,0.8125,917,13
KBest_2_mutual_info_classif_Oversampling_eval2,0.9535374868004224,0.8842306659505907,3,41,0.3714285714285714,129220,0.9559613319011815,8301,0.24074074074074073,0.8125,890,13
KBest_3_mutual_info_classif_Oversampling_eval2,0.9535374868004224,0.8842306659505907,3,41,0.3714285714285714,129163,0.9559613319011815,8358,0.24074074074074073,0.8125,890,13
KBest_21_mutual_info_classif_Oversampling_eval2,0.9883843717001056,0.8712406015037594,4,7,0.6857142857142857,134614,0.9924812030075187,2907,0.631578947368421,0.75,924,12
KBest_22_mutual_info_classif_Oversampling_eval2,0.9873284054910243,0.870703544575725,4,8,0.6666666666666665,134640,0.99140708915145,2881,0.6,0.75,923,12
KBest_40_chi2_Oversampling_eval2,0.9852164730728616,0.8696294307196563,4,10,0.631578947368421,134201,0.9892588614393125,3320,0.5454545454545454,0.75,921,12
KBest_59_f_classif_Oversampling_eval2,0.9841605068637803,0.8690923737916219,4,11,0.6153846153846153,134157,0.9881847475832438,3364,0.5217391304347826,0.75,920,12
KBest_31_chi2_Oversampling_eval2,0.9820485744456178,0.8680182599355531,4,13,0.5853658536585366,133847,0.9860365198711063,3674,0.48,0.75,918,12
KBest_33_chi2_Oversampling_eval2,0.9820485744456178,0.8680182599355531,4,13,0.5853658536585366,133892,0.9860365198711063,3629,0.48,0.75,918,12
KBest_54_f_classif_Oversampling_eval2,0.9820485744456178,0.8680182599355531,4,13,0.5853658536585366,134332,0.9860365198711063,3189,0.48,0.75,918,12
KBest_18_mutual_info_classif_Oversampling_eval2,0.9820485744456178,0.8680182599355531,4,13,0.5853658536585366,133968,0.9860365198711063,3553,0.48,0.75,918,12
KBest_19_mutual_info_classif_Oversampling_eval2,0.9820485744456178,0.8680182599355531,4,13,0.5853658536585366,133681,0.9860365198711063,3840,0.48,0.75,918,12
KBest_93_mutual_info_classif_Oversampling_eval2,0.9820485744456178,0.8680182599355531,4,13,0.5853658536585366,133536,0.9860365198711063,3985,0.48,0.75,918,12
KBest_28_chi2_Oversampling_eval2,0.9809926082365364,0.8674812030075187,4,14,0.5714285714285714,133842,0.9849624060150376,3679,0.46153846153846156,0.75,917,12
KBest_30_chi2_Oversampling_eval2,0.9809926082365364,0.8674812030075187,4,14,0.5714285714285714,133804,0.9849624060150376,3717,0.46153846153846156,0.75,917,12
KBest_32_chi2_Oversampling_eval2,0.9809926082365364,0.8674812030075187,4,14,0.5714285714285714,133837,0.9849624060150376,3684,0.46153846153846156,0.75,917,12
KBest_61_chi2_Oversampling_eval2,0.9809926082365364,0.8674812030075187,4,14,0.5714285714285714,133553,0.9849624060150376,3968,0.46153846153846156,0.75,917,12
KBest_28_f_classif_Oversampling_eval2,0.9809926082365364,0.8674812030075187,4,14,0.5714285714285714,133842,0.9849624060150376,3679,0.46153846153846156,0.75,917,12
KBest_30_f_classif_Oversampling_eval2,0.9809926082365364,0.8674812030075187,4,14,0.5714285714285714,133804,0.9849624060150376,3717,0.46153846153846156,0.75,917,12
KBest_5_chi2_Oversampling_eval2,0.9799366420274551,0.8669441460794844,4,15,0.5581395348837209,133099,0.9838882921589689,4422,0.4444444444444444,0.75,916,12
KBest_8_chi2_Oversampling_eval2,0.9799366420274551,0.8669441460794844,4,15,0.5581395348837209,133209,0.9838882921589689,4312,0.4444444444444444,0.75,916,12
KBest_5_f_classif_Oversampling_eval2,0.9799366420274551,0.8669441460794844,4,15,0.5581395348837209,133099,0.9838882921589689,4422,0.4444444444444444,0.75,916,12
KBest_8_f_classif_Oversampling_eval2,0.9799366420274551,0.8669441460794844,4,15,0.5581395348837209,133209,0.9838882921589689,4312,0.4444444444444444,0.75,916,12
KBest_60_f_classif_Oversampling_eval2,0.9799366420274551,0.8669441460794844,4,15,0.5581395348837209,134038,0.9838882921589689,3483,0.4444444444444444,0.75,916,12
KBest_8_mutual_info_classif_Oversampling_eval2,0.9799366420274551,0.8669441460794844,4,15,0.5581395348837209,133209,0.9838882921589689,4312,0.4444444444444444,0.75,916,12
KBest_27_mutual_info_classif_Oversampling_eval2,0.9799366420274551,0.8669441460794844,4,15,0.5581395348837209,133859,0.9838882921589689,3662,0.4444444444444444,0.75,916,12
KBest_4_f_classif_Oversampling_eval2,0.9788806758183738,0.86640708915145,4,16,0.5454545454545454,133070,0.9828141783029001,4451,0.42857142857142855,0.75,915,12
KBest_96_f_classif_Oversampling_eval2,0.9788806758183738,0.86640708915145,4,16,0.5454545454545454,133383,0.9828141783029001,4138,0.42857142857142855,0.75,915,12
KBest_62_mutual_info_classif_Oversampling_eval2,0.9788806758183738,0.86640708915145,4,16,0.5454545454545454,133465,0.9828141783029001,4056,0.42857142857142855,0.75,915,12
KBest_99_chi2_Oversampling_eval2,0.9778247096092925,0.8658700322234156,4,17,0.5333333333333333,133238,0.9817400644468314,4283,0.41379310344827586,0.75,914,12
KBest_86_mutual_info_classif_Oversampling_eval2,0.9778247096092925,0.8658700322234156,4,17,0.5333333333333333,132943,0.9817400644468314,4578,0.41379310344827586,0.75,914,12
KBest_76_chi2_Oversampling_eval2,0.9767687434002112,0.8653329752953813,4,18,0.5217391304347827,133334,0.9806659505907627,4187,0.4,0.75,913,12
KBest_79_mutual_info_classif_Oversampling_eval2,0.9767687434002112,0.8653329752953813,4,18,0.5217391304347827,132998,0.9806659505907627,4523,0.4,0.75,913,12
KBest_80_mutual_info_classif_Oversampling_eval2,0.9767687434002112,0.8653329752953813,4,18,0.5217391304347827,133214,0.9806659505907627,4307,0.4,0.75,913,12
KBest_84_mutual_info_classif_Oversampling_eval2,0.9757127771911299,0.8647959183673469,4,19,0.5106382978723403,133037,0.9795918367346939,4484,0.3870967741935484,0.75,912,12
KBest_31_f_classif_Oversampling_eval2,0.9746568109820486,0.8642588614393125,4,20,0.5,132842,0.9785177228786252,4679,375,0.75,911,12
KBest_32_f_classif_Oversampling_eval2,0.9746568109820486,0.8642588614393125,4,20,0.5,132814,0.9785177228786252,4707,375,0.75,911,12
KBest_57_mutual_info_classif_Oversampling_eval2,0.9746568109820486,0.8642588614393125,4,20,0.5,133356,0.9785177228786252,4165,375,0.75,911,12
KBest_89_mutual_info_classif_Oversampling_eval2,0.9746568109820486,0.8642588614393125,4,20,0.5,132893,0.9785177228786252,4628,375,0.75,911,12
KBest_34_mutual_info_classif_Oversampling_eval2,0.9736008447729673,0.8637218045112782,4,21,0.48979591836734687,132915,0.9774436090225563,4606,0.36363636363636365,0.75,910,12
KBest_37_mutual_info_classif_Oversampling_eval2,0.9725448785638859,0.8631847475832438,4,22,0.48,132343,0.9763694951664876,5178,0.35294117647058826,0.75,909,12
KBest_77_mutual_info_classif_Oversampling_eval2,0.9598732840549102,0.8567400644468314,4,34,0.3870967741935483,132053,0.9634801288936627,5468,0.2608695652173913,0.75,897,12
KBest_6_chi2_Oversampling_eval2,0.9883843717001056,0.8405276584317938,5,6,0.6666666666666667,134212,0.9935553168635876,3309,0.6470588235294118,0.6875,925,11
KBest_7_chi2_Oversampling_eval2,0.9883843717001056,0.8405276584317938,5,6,0.6666666666666667,134280,0.9935553168635876,3241,0.6470588235294118,0.6875,925,11
KBest_6_f_classif_Oversampling_eval2,0.9883843717001056,0.8405276584317938,5,6,0.6666666666666667,134212,0.9935553168635876,3309,0.6470588235294118,0.6875,925,11
KBest_7_f_classif_Oversampling_eval2,0.9883843717001056,0.8405276584317938,5,6,0.6666666666666667,134280,0.9935553168635876,3241,0.6470588235294118,0.6875,925,11
KBest_6_mutual_info_classif_Oversampling_eval2,0.9883843717001056,0.8405276584317938,5,6,0.6666666666666667,134212,0.9935553168635876,3309,0.6470588235294118,0.6875,925,11
KBest_7_mutual_info_classif_Oversampling_eval2,0.9883843717001056,0.8405276584317938,5,6,0.6666666666666667,134280,0.9935553168635876,3241,0.6470588235294118,0.6875,925,11
KBest_9_chi2_Oversampling_eval2,0.9873284054910243,0.8399906015037594,5,7,0.6470588235294118,134227,0.9924812030075187,3294,0.6111111111111112,0.6875,924,11
KBest_9_f_classif_Oversampling_eval2,0.9873284054910243,0.8399906015037594,5,7,0.6470588235294118,134227,0.9924812030075187,3294,0.6111111111111112,0.6875,924,11
KBest_5_mutual_info_classif_Oversampling_eval2,0.9873284054910243,0.8399906015037594,5,7,0.6470588235294118,134156,0.9924812030075187,3365,0.6111111111111112,0.6875,924,11
KBest_9_mutual_info_classif_Oversampling_eval2,0.9873284054910243,0.8399906015037594,5,7,0.6470588235294118,134227,0.9924812030075187,3294,0.6111111111111112,0.6875,924,11
KBest_20_mutual_info_classif_Oversampling_eval2,0.9873284054910243,0.8399906015037594,5,7,0.6470588235294118,134668,0.9924812030075187,2853,0.6111111111111112,0.6875,924,11
KBest_12_chi2_Oversampling_eval2,0.986272439281943,0.839453544575725,5,8,0.6285714285714286,133859,0.99140708915145,3662,0.5789473684210527,0.6875,923,11
KBest_12_f_classif_Oversampling_eval2,0.986272439281943,0.839453544575725,5,8,0.6285714285714286,133859,0.99140708915145,3662,0.5789473684210527,0.6875,923,11
KBest_12_mutual_info_classif_Oversampling_eval2,0.986272439281943,0.839453544575725,5,8,0.6285714285714286,133859,0.99140708915145,3662,0.5789473684210527,0.6875,923,11
KBest_62_f_classif_Oversampling_eval2,0.9852164730728616,0.8389164876476907,5,9,0.6111111111111112,134155,0.9903329752953813,3366,0.55,0.6875,922,11
KBest_37_chi2_Oversampling_eval2,0.9841605068637803,0.8383794307196563,5,10,0.5945945945945946,134084,0.9892588614393125,3437,0.5238095238095238,0.6875,921,11
KBest_20_f_classif_Oversampling_eval2,0.9841605068637803,0.8383794307196563,5,10,0.5945945945945946,133640,0.9892588614393125,3881,0.5238095238095238,0.6875,921,11
KBest_37_f_classif_Oversampling_eval2,0.9841605068637803,0.8383794307196563,5,10,0.5945945945945946,134084,0.9892588614393125,3437,0.5238095238095238,0.6875,921,11
KBest_86_f_classif_Oversampling_eval2,0.9841605068637803,0.8383794307196563,5,10,0.5945945945945946,133996,0.9892588614393125,3525,0.5238095238095238,0.6875,921,11
KBest_10_chi2_Oversampling_eval2,0.9831045406546991,0.8378423737916219,5,11,0.5789473684210527,133831,0.9881847475832438,3690,0.5,0.6875,920,11
KBest_10_f_classif_Oversampling_eval2,0.9831045406546991,0.8378423737916219,5,11,0.5789473684210527,133831,0.9881847475832438,3690,0.5,0.6875,920,11
KBest_24_f_classif_Oversampling_eval2,0.9831045406546991,0.8378423737916219,5,11,0.5789473684210527,133947,0.9881847475832438,3574,0.5,0.6875,920,11
KBest_66_f_classif_Oversampling_eval2,0.9831045406546991,0.8378423737916219,5,11,0.5789473684210527,133870,0.9881847475832438,3651,0.5,0.6875,920,11
KBest_10_mutual_info_classif_Oversampling_eval2,0.9831045406546991,0.8378423737916219,5,11,0.5789473684210527,133831,0.9881847475832438,3690,0.5,0.6875,920,11
KBest_14_mutual_info_classif_Oversampling_eval2,0.9831045406546991,0.8378423737916219,5,11,0.5789473684210527,133767,0.9881847475832438,3754,0.5,0.6875,920,11
KBest_38_chi2_Oversampling_eval2,0.9820485744456178,0.8373053168635876,5,12,0.5641025641025642,134094,0.9871106337271751,3427,0.4782608695652174,0.6875,919,11
KBest_39_chi2_Oversampling_eval2,0.9820485744456178,0.8373053168635876,5,12,0.5641025641025642,134117,0.9871106337271751,3404,0.4782608695652174,0.6875,919,11
KBest_41_chi2_Oversampling_eval2,0.9820485744456178,0.8373053168635876,5,12,0.5641025641025642,133359,0.9871106337271751,4162,0.4782608695652174,0.6875,919,11
KBest_54_chi2_Oversampling_eval2,0.9820485744456178,0.8373053168635876,5,12,0.5641025641025642,134068,0.9871106337271751,3453,0.4782608695652174,0.6875,919,11
KBest_94_chi2_Oversampling_eval2,0.9820485744456178,0.8373053168635876,5,12,0.5641025641025642,133489,0.9871106337271751,4032,0.4782608695652174,0.6875,919,11
KBest_65_f_classif_Oversampling_eval2,0.9820485744456178,0.8373053168635876,5,12,0.5641025641025642,133900,0.9871106337271751,3621,0.4782608695652174,0.6875,919,11
KBest_78_f_classif_Oversampling_eval2,0.9820485744456178,0.8373053168635876,5,12,0.5641025641025642,133694,0.9871106337271751,3827,0.4782608695652174,0.6875,919,11
KBest_81_f_classif_Oversampling_eval2,0.9820485744456178,0.8373053168635876,5,12,0.5641025641025642,133869,0.9871106337271751,3652,0.4782608695652174,0.6875,919,11
KBest_29_chi2_Oversampling_eval2,0.9809926082365364,0.8367682599355531,5,13,0.5499999999999999,133972,0.9860365198711063,3549,0.4583333333333333,0.6875,918,11
KBest_46_chi2_Oversampling_eval2,0.9809926082365364,0.8367682599355531,5,13,0.5499999999999999,133951,0.9860365198711063,3570,0.4583333333333333,0.6875,918,11
KBest_70_chi2_Oversampling_eval2,0.9809926082365364,0.8367682599355531,5,13,0.5499999999999999,133791,0.9860365198711063,3730,0.4583333333333333,0.6875,918,11
KBest_90_chi2_Oversampling_eval2,0.9809926082365364,0.8367682599355531,5,13,0.5499999999999999,133560,0.9860365198711063,3961,0.4583333333333333,0.6875,918,11
KBest_29_f_classif_Oversampling_eval2,0.9809926082365364,0.8367682599355531,5,13,0.5499999999999999,133972,0.9860365198711063,3549,0.4583333333333333,0.6875,918,11
KBest_46_f_classif_Oversampling_eval2,0.9809926082365364,0.8367682599355531,5,13,0.5499999999999999,133951,0.9860365198711063,3570,0.4583333333333333,0.6875,918,11
KBest_73_mutual_info_classif_Oversampling_eval2,0.9809926082365364,0.8367682599355531,5,13,0.5499999999999999,133491,0.9860365198711063,4030,0.4583333333333333,0.6875,918,11
KBest_85_mutual_info_classif_Oversampling_eval2,0.9809926082365364,0.8367682599355531,5,13,0.5499999999999999,133212,0.9860365198711063,4309,0.4583333333333333,0.6875,918,11
KBest_99_mutual_info_classif_Oversampling_eval2,0.9809926082365364,0.8367682599355531,5,13,0.5499999999999999,133402,0.9860365198711063,4119,0.4583333333333333,0.6875,918,11
KBest_74_chi2_Oversampling_eval2,0.9799366420274551,0.8362312030075187,5,14,0.5365853658536586,133395,0.9849624060150376,4126,0.44,0.6875,917,11
KBest_45_f_classif_Oversampling_eval2,0.9799366420274551,0.8362312030075187,5,14,0.5365853658536586,133862,0.9849624060150376,3659,0.44,0.6875,917,11
KBest_79_f_classif_Oversampling_eval2,0.9799366420274551,0.8362312030075187,5,14,0.5365853658536586,133599,0.9849624060150376,3922,0.44,0.6875,917,11
KBest_83_f_classif_Oversampling_eval2,0.9799366420274551,0.8362312030075187,5,14,0.5365853658536586,133711,0.9849624060150376,3810,0.44,0.6875,917,11
KBest_99_f_classif_Oversampling_eval2,0.9799366420274551,0.8362312030075187,5,14,0.5365853658536586,133241,0.9849624060150376,4280,0.44,0.6875,917,11
KBest_74_mutual_info_classif_Oversampling_eval2,0.9799366420274551,0.8362312030075187,5,14,0.5365853658536586,133418,0.9849624060150376,4103,0.44,0.6875,917,11
KBest_81_mutual_info_classif_Oversampling_eval2,0.9799366420274551,0.8362312030075187,5,14,0.5365853658536586,133276,0.9849624060150376,4245,0.44,0.6875,917,11
KBest_53_chi2_Oversampling_eval2,0.9788806758183738,0.8356941460794844,5,15,0.5238095238095238,133887,0.9838882921589689,3634,0.4230769230769231,0.6875,916,11
KBest_62_chi2_Oversampling_eval2,0.9788806758183738,0.8356941460794844,5,15,0.5238095238095238,133483,0.9838882921589689,4038,0.4230769230769231,0.6875,916,11
KBest_66_chi2_Oversampling_eval2,0.9788806758183738,0.8356941460794844,5,15,0.5238095238095238,133419,0.9838882921589689,4102,0.4230769230769231,0.6875,916,11
KBest_71_chi2_Oversampling_eval2,0.9788806758183738,0.8356941460794844,5,15,0.5238095238095238,133628,0.9838882921589689,3893,0.4230769230769231,0.6875,916,11
KBest_93_chi2_Oversampling_eval2,0.9788806758183738,0.8356941460794844,5,15,0.5238095238095238,133384,0.9838882921589689,4137,0.4230769230769231,0.6875,916,11
KBest_35_f_classif_Oversampling_eval2,0.9788806758183738,0.8356941460794844,5,15,0.5238095238095238,133361,0.9838882921589689,4160,0.4230769230769231,0.6875,916,11
KBest_40_f_classif_Oversampling_eval2,0.9788806758183738,0.8356941460794844,5,15,0.5238095238095238,133305,0.9838882921589689,4216,0.4230769230769231,0.6875,916,11
KBest_68_f_classif_Oversampling_eval2,0.9788806758183738,0.8356941460794844,5,15,0.5238095238095238,133755,0.9838882921589689,3766,0.4230769230769231,0.6875,916,11
KBest_76_mutual_info_classif_Oversampling_eval2,0.9788806758183738,0.8356941460794844,5,15,0.5238095238095238,133419,0.9838882921589689,4102,0.4230769230769231,0.6875,916,11
KBest_78_mutual_info_classif_Oversampling_eval2,0.9788806758183738,0.8356941460794844,5,15,0.5238095238095238,133348,0.9838882921589689,4173,0.4230769230769231,0.6875,916,11
KBest_36_f_classif_Oversampling_eval2,0.9778247096092925,0.83515708915145,5,16,0.5116279069767441,132960,0.9828141783029001,4561,0.4074074074074074,0.6875,915,11
KBest_26_mutual_info_classif_Oversampling_eval2,0.9778247096092925,0.83515708915145,5,16,0.5116279069767441,133591,0.9828141783029001,3930,0.4074074074074074,0.6875,915,11
KBest_96_mutual_info_classif_Oversampling_eval2,0.9778247096092925,0.83515708915145,5,16,0.5116279069767441,133065,0.9828141783029001,4456,0.4074074074074074,0.6875,915,11
KBest_60_chi2_Oversampling_eval2,0.9767687434002112,0.8346200322234156,5,17,0.5,133323,0.9817400644468314,4198,0.39285714285714285,0.6875,914,11
KBest_80_chi2_Oversampling_eval2,0.9767687434002112,0.8346200322234156,5,17,0.5,133305,0.9817400644468314,4216,0.39285714285714285,0.6875,914,11
KBest_83_chi2_Oversampling_eval2,0.9767687434002112,0.8346200322234156,5,17,0.5,133238,0.9817400644468314,4283,0.39285714285714285,0.6875,914,11
KBest_96_chi2_Oversampling_eval2,0.9767687434002112,0.8346200322234156,5,17,0.5,133358,0.9817400644468314,4163,0.39285714285714285,0.6875,914,11
KBest_77_f_classif_Oversampling_eval2,0.9767687434002112,0.8346200322234156,5,17,0.5,133505,0.9817400644468314,4016,0.39285714285714285,0.6875,914,11
KBest_29_mutual_info_classif_Oversampling_eval2,0.9767687434002112,0.8346200322234156,5,17,0.5,132891,0.9817400644468314,4630,0.39285714285714285,0.6875,914,11
KBest_48_mutual_info_classif_Oversampling_eval2,0.9767687434002112,0.8346200322234156,5,17,0.5,133920,0.9817400644468314,3601,0.39285714285714285,0.6875,914,11
KBest_68_mutual_info_classif_Oversampling_eval2,0.9767687434002112,0.8346200322234156,5,17,0.5,133394,0.9817400644468314,4127,0.39285714285714285,0.6875,914,11
KBest_87_mutual_info_classif_Oversampling_eval2,0.9767687434002112,0.8346200322234156,5,17,0.5,132906,0.9817400644468314,4615,0.39285714285714285,0.6875,914,11
KBest_90_mutual_info_classif_Oversampling_eval2,0.9767687434002112,0.8346200322234156,5,17,0.5,133438,0.9817400644468314,4083,0.39285714285714285,0.6875,914,11
KBest_91_mutual_info_classif_Oversampling_eval2,0.9767687434002112,0.8346200322234156,5,17,0.5,133354,0.9817400644468314,4167,0.39285714285714285,0.6875,914,11
KBest_79_chi2_Oversampling_eval2,0.9757127771911299,0.8340829752953813,5,18,0.4888888888888889,133414,0.9806659505907627,4107,0.3793103448275862,0.6875,913,11
KBest_97_chi2_Oversampling_eval2,0.9757127771911299,0.8340829752953813,5,18,0.4888888888888889,133289,0.9806659505907627,4232,0.3793103448275862,0.6875,913,11
KBest_90_f_classif_Oversampling_eval2,0.9757127771911299,0.8340829752953813,5,18,0.4888888888888889,133520,0.9806659505907627,4001,0.3793103448275862,0.6875,913,11
KBest_32_mutual_info_classif_Oversampling_eval2,0.9757127771911299,0.8340829752953813,5,18,0.4888888888888889,133272,0.9806659505907627,4249,0.3793103448275862,0.6875,913,11
KBest_33_mutual_info_classif_Oversampling_eval2,0.9746568109820486,0.8335459183673469,5,19,0.47826086956521735,133072,0.9795918367346939,4449,0.36666666666666664,0.6875,912,11
KBest_64_mutual_info_classif_Oversampling_eval2,0.9746568109820486,0.8335459183673469,5,19,0.47826086956521735,133164,0.9795918367346939,4357,0.36666666666666664,0.6875,912,11
KBest_35_chi2_Oversampling_eval2,0.9736008447729673,0.8330088614393125,5,20,0.4680851063829787,132972,0.9785177228786252,4549,0.3548387096774194,0.6875,911,11
KBest_78_chi2_Oversampling_eval2,0.9736008447729673,0.8330088614393125,5,20,0.4680851063829787,133311,0.9785177228786252,4210,0.3548387096774194,0.6875,911,11
KBest_89_chi2_Oversampling_eval2,0.9736008447729673,0.8330088614393125,5,20,0.4680851063829787,133592,0.9785177228786252,3929,0.3548387096774194,0.6875,911,11
KBest_33_f_classif_Oversampling_eval2,0.9736008447729673,0.8330088614393125,5,20,0.4680851063829787,132903,0.9785177228786252,4618,0.3548387096774194,0.6875,911,11
KBest_77_chi2_Oversampling_eval2,0.9725448785638859,0.8324718045112782,5,21,0.4583333333333333,133326,0.9774436090225563,4195,0.34375,0.6875,910,11
KBest_98_chi2_Oversampling_eval2,0.9725448785638859,0.8324718045112782,5,21,0.4583333333333333,133204,0.9774436090225563,4317,0.34375,0.6875,910,11
KBest_39_f_classif_Oversampling_eval2,0.9725448785638859,0.8324718045112782,5,21,0.4583333333333333,132826,0.9774436090225563,4695,0.34375,0.6875,910,11
KBest_71_mutual_info_classif_Oversampling_eval2,0.9725448785638859,0.8324718045112782,5,21,0.4583333333333333,133031,0.9774436090225563,4490,0.34375,0.6875,910,11
KBest_88_mutual_info_classif_Oversampling_eval2,0.9725448785638859,0.8324718045112782,5,21,0.4583333333333333,133214,0.9774436090225563,4307,0.34375,0.6875,910,11
KBest_38_f_classif_Oversampling_eval2,0.9704329461457233,0.8313976906552094,5,23,0.44000000000000006,132676,0.9752953813104189,4845,0.3235294117647059,0.6875,908,11
KBest_95_f_classif_Oversampling_eval2,0.9693769799366421,0.8308606337271751,5,24,0.43137254901960786,132329,0.9742212674543501,5192,0.3142857142857143,0.6875,907,11
KBest_93_f_classif_Oversampling_eval2,0.9662090813093981,0.829249462943072,5,27,0.4074074074074074,132665,0.9709989258861439,4856,0.2894736842105263,0.6875,904,11
KBest_53_f_classif_Oversampling_eval2,0.9651531151003168,0.8287124060150376,5,28,0.4,132506,0.9699248120300752,5015,0.28205128205128205,0.6875,903,11
KBest_82_mutual_info_classif_Oversampling_eval2,0.9640971488912354,0.8281753490870032,5,29,0.3928571428571429,132226,0.9688506981740065,5295,275,0.6875,902,11
KBest_83_mutual_info_classif_Oversampling_eval2,0.9640971488912354,0.8281753490870032,5,29,0.3928571428571429,132214,0.9688506981740065,5307,275,0.6875,902,11
KBest_51_mutual_info_classif_Oversampling_eval2,0.9577613516367476,0.824953007518797,5,35,0.3548387096774194,131958,0.9624060150375939,5563,0.2391304347826087,0.6875,896,11
KBest_92_f_classif_Oversampling_eval2,0.9545934530095037,0.8233418367346939,5,38,0.3384615384615384,131269,0.9591836734693877,6252,0.22448979591836735,0.6875,893,11
KBest_18_mutual_info_classif_NoResampling_eval2,0.9904963041182682,0.8108888292158969,6,3,0.6896551724137931,135384,0.9967776584317938,2137,0.7692307692307693,625,928,10
KBest_19_mutual_info_classif_NoResampling_eval2,0.9904963041182682,0.8108888292158969,6,3,0.6896551724137931,135386,0.9967776584317938,2135,0.7692307692307693,625,928,10
KBest_21_chi2_Oversampling_eval2,0.9883843717001056,0.8098147153598281,6,5,0.6451612903225806,134922,0.9946294307196563,2599,0.6666666666666666,625,926,10
KBest_24_chi2_Oversampling_eval2,0.9883843717001056,0.8098147153598281,6,5,0.6451612903225806,134660,0.9946294307196563,2861,0.6666666666666666,625,926,10
KBest_25_chi2_Oversampling_eval2,0.9883843717001056,0.8098147153598281,6,5,0.6451612903225806,134767,0.9946294307196563,2754,0.6666666666666666,625,926,10
KBest_26_chi2_Oversampling_eval2,0.9883843717001056,0.8098147153598281,6,5,0.6451612903225806,134796,0.9946294307196563,2725,0.6666666666666666,625,926,10
KBest_21_f_classif_Oversampling_eval2,0.9883843717001056,0.8098147153598281,6,5,0.6451612903225806,134922,0.9946294307196563,2599,0.6666666666666666,625,926,10
KBest_22_f_classif_Oversampling_eval2,0.9883843717001056,0.8098147153598281,6,5,0.6451612903225806,134582,0.9946294307196563,2939,0.6666666666666666,625,926,10
KBest_25_f_classif_Oversampling_eval2,0.9883843717001056,0.8098147153598281,6,5,0.6451612903225806,134849,0.9946294307196563,2672,0.6666666666666666,625,926,10
KBest_26_f_classif_Oversampling_eval2,0.9883843717001056,0.8098147153598281,6,5,0.6451612903225806,134796,0.9946294307196563,2725,0.6666666666666666,625,926,10
KBest_15_mutual_info_classif_Oversampling_eval2,0.9883843717001056,0.8098147153598281,6,5,0.6451612903225806,134774,0.9946294307196563,2747,0.6666666666666666,625,926,10
KBest_16_mutual_info_classif_Oversampling_eval2,0.9883843717001056,0.8098147153598281,6,5,0.6451612903225806,134799,0.9946294307196563,2722,0.6666666666666666,625,926,10
KBest_22_chi2_Oversampling_eval2,0.9873284054910243,0.8092776584317938,6,6,625,134929,0.9935553168635876,2592,625,625,925,10
KBest_36_chi2_Oversampling_eval2,0.9873284054910243,0.8092776584317938,6,6,625,134522,0.9935553168635876,2999,625,625,925,10
KBest_47_chi2_Oversampling_eval2,0.9873284054910243,0.8092776584317938,6,6,625,134223,0.9935553168635876,3298,625,625,925,10
KBest_47_f_classif_Oversampling_eval2,0.9873284054910243,0.8092776584317938,6,6,625,134223,0.9935553168635876,3298,625,625,925,10
KBest_17_mutual_info_classif_Oversampling_eval2,0.9873284054910243,0.8092776584317938,6,6,625,134939,0.9935553168635876,2582,625,625,925,10
KBest_13_chi2_Oversampling_eval2,0.9841605068637803,0.8076664876476907,6,9,0.5714285714285714,134052,0.9903329752953813,3469,0.5263157894736842,625,922,10
KBest_51_chi2_Oversampling_eval2,0.9841605068637803,0.8076664876476907,6,9,0.5714285714285714,134325,0.9903329752953813,3196,0.5263157894736842,625,922,10
KBest_13_f_classif_Oversampling_eval2,0.9841605068637803,0.8076664876476907,6,9,0.5714285714285714,134052,0.9903329752953813,3469,0.5263157894736842,625,922,10
KBest_13_mutual_info_classif_Oversampling_eval2,0.9841605068637803,0.8076664876476907,6,9,0.5714285714285714,134052,0.9903329752953813,3469,0.5263157894736842,625,922,10
KBest_67_f_classif_Oversampling_eval2,0.9831045406546991,0.8071294307196563,6,10,0.5555555555555556,134036,0.9892588614393125,3485,0.5,625,921,10
KBest_41_f_classif_Oversampling_eval2,0.9820485744456178,0.8065923737916219,6,11,0.5405405405405405,133741,0.9881847475832438,3780,0.47619047619047616,625,920,10
KBest_58_f_classif_Oversampling_eval2,0.9820485744456178,0.8065923737916219,6,11,0.5405405405405405,134201,0.9881847475832438,3320,0.47619047619047616,625,920,10
KBest_64_f_classif_Oversampling_eval2,0.9820485744456178,0.8065923737916219,6,11,0.5405405405405405,133930,0.9881847475832438,3591,0.47619047619047616,625,920,10
KBest_42_chi2_Oversampling_eval2,0.9809926082365364,0.8060553168635876,6,12,0.5263157894736842,133901,0.9871106337271751,3620,0.45454545454545453,625,919,10
KBest_87_chi2_Oversampling_eval2,0.9809926082365364,0.8060553168635876,6,12,0.5263157894736842,133597,0.9871106337271751,3924,0.45454545454545453,625,919,10
KBest_42_f_classif_Oversampling_eval2,0.9809926082365364,0.8060553168635876,6,12,0.5263157894736842,133901,0.9871106337271751,3620,0.45454545454545453,625,919,10
KBest_43_f_classif_Oversampling_eval2,0.9809926082365364,0.8060553168635876,6,12,0.5263157894736842,134067,0.9871106337271751,3454,0.45454545454545453,625,919,10
KBest_84_f_classif_Oversampling_eval2,0.9809926082365364,0.8060553168635876,6,12,0.5263157894736842,133549,0.9871106337271751,3972,0.45454545454545453,625,919,10
KBest_44_chi2_Oversampling_eval2,0.9799366420274551,0.8055182599355531,6,13,0.5128205128205128,133947,0.9860365198711063,3574,0.43478260869565216,625,918,10
KBest_50_chi2_Oversampling_eval2,0.9799366420274551,0.8055182599355531,6,13,0.5128205128205128,134014,0.9860365198711063,3507,0.43478260869565216,625,918,10
KBest_52_chi2_Oversampling_eval2,0.9799366420274551,0.8055182599355531,6,13,0.5128205128205128,134139,0.9860365198711063,3382,0.43478260869565216,625,918,10
KBest_64_chi2_Oversampling_eval2,0.9799366420274551,0.8055182599355531,6,13,0.5128205128205128,133599,0.9860365198711063,3922,0.43478260869565216,625,918,10
KBest_85_chi2_Oversampling_eval2,0.9799366420274551,0.8055182599355531,6,13,0.5128205128205128,133655,0.9860365198711063,3866,0.43478260869565216,625,918,10
KBest_44_f_classif_Oversampling_eval2,0.9799366420274551,0.8055182599355531,6,13,0.5128205128205128,133947,0.9860365198711063,3574,0.43478260869565216,625,918,10
KBest_38_mutual_info_classif_Oversampling_eval2,0.9799366420274551,0.8055182599355531,6,13,0.5128205128205128,134112,0.9860365198711063,3409,0.43478260869565216,625,918,10
KBest_39_mutual_info_classif_Oversampling_eval2,0.9799366420274551,0.8055182599355531,6,13,0.5128205128205128,134015,0.9860365198711063,3506,0.43478260869565216,625,918,10
KBest_70_mutual_info_classif_Oversampling_eval2,0.9799366420274551,0.8055182599355531,6,13,0.5128205128205128,133654,0.9860365198711063,3867,0.43478260869565216,625,918,10
KBest_45_chi2_Oversampling_eval2,0.9788806758183738,0.8049812030075187,6,14,0.5,133834,0.9849624060150376,3687,0.4166666666666667,625,917,10
KBest_81_chi2_Oversampling_eval2,0.9788806758183738,0.8049812030075187,6,14,0.5,133809,0.9849624060150376,3712,0.4166666666666667,625,917,10
KBest_52_f_classif_Oversampling_eval2,0.9788806758183738,0.8049812030075187,6,14,0.5,134276,0.9849624060150376,3245,0.4166666666666667,625,917,10
KBest_69_f_classif_Oversampling_eval2,0.9788806758183738,0.8049812030075187,6,14,0.5,133544,0.9849624060150376,3977,0.4166666666666667,625,917,10
KBest_89_f_classif_Oversampling_eval2,0.9788806758183738,0.8049812030075187,6,14,0.5,133748,0.9849624060150376,3773,0.4166666666666667,625,917,10
KBest_34_chi2_Oversampling_eval2,0.9778247096092925,0.8044441460794844,6,15,0.48780487804878053,133507,0.9838882921589689,4014,0.4,625,916,10
KBest_43_chi2_Oversampling_eval2,0.9778247096092925,0.8044441460794844,6,15,0.48780487804878053,133466,0.9838882921589689,4055,0.4,625,916,10
KBest_48_chi2_Oversampling_eval2,0.9778247096092925,0.8044441460794844,6,15,0.48780487804878053,133779,0.9838882921589689,3742,0.4,625,916,10
KBest_63_chi2_Oversampling_eval2,0.9778247096092925,0.8044441460794844,6,15,0.48780487804878053,133447,0.9838882921589689,4074,0.4,625,916,10
KBest_65_chi2_Oversampling_eval2,0.9778247096092925,0.8044441460794844,6,15,0.48780487804878053,133659,0.9838882921589689,3862,0.4,625,916,10
KBest_67_chi2_Oversampling_eval2,0.9778247096092925,0.8044441460794844,6,15,0.48780487804878053,133691,0.9838882921589689,3830,0.4,625,916,10
KBest_73_chi2_Oversampling_eval2,0.9778247096092925,0.8044441460794844,6,15,0.48780487804878053,133386,0.9838882921589689,4135,0.4,625,916,10
KBest_84_chi2_Oversampling_eval2,0.9778247096092925,0.8044441460794844,6,15,0.48780487804878053,133393,0.9838882921589689,4128,0.4,625,916,10
KBest_86_chi2_Oversampling_eval2,0.9778247096092925,0.8044441460794844,6,15,0.48780487804878053,133605,0.9838882921589689,3916,0.4,625,916,10
KBest_88_chi2_Oversampling_eval2,0.9778247096092925,0.8044441460794844,6,15,0.48780487804878053,133698,0.9838882921589689,3823,0.4,625,916,10
KBest_92_chi2_Oversampling_eval2,0.9778247096092925,0.8044441460794844,6,15,0.48780487804878053,133442,0.9838882921589689,4079,0.4,625,916,10
KBest_95_chi2_Oversampling_eval2,0.9778247096092925,0.8044441460794844,6,15,0.48780487804878053,133259,0.9838882921589689,4262,0.4,625,916,10
KBest_34_f_classif_Oversampling_eval2,0.9778247096092925,0.8044441460794844,6,15,0.48780487804878053,133507,0.9838882921589689,4014,0.4,625,916,10
KBest_70_f_classif_Oversampling_eval2,0.9778247096092925,0.8044441460794844,6,15,0.48780487804878053,133545,0.9838882921589689,3976,0.4,625,916,10
KBest_71_f_classif_Oversampling_eval2,0.9778247096092925,0.8044441460794844,6,15,0.48780487804878053,133594,0.9838882921589689,3927,0.4,625,916,10
KBest_80_f_classif_Oversampling_eval2,0.9778247096092925,0.8044441460794844,6,15,0.48780487804878053,133763,0.9838882921589689,3758,0.4,625,916,10
KBest_85_f_classif_Oversampling_eval2,0.9778247096092925,0.8044441460794844,6,15,0.48780487804878053,133745,0.9838882921589689,3776,0.4,625,916,10
KBest_87_f_classif_Oversampling_eval2,0.9778247096092925,0.8044441460794844,6,15,0.48780487804878053,133352,0.9838882921589689,4169,0.4,625,916,10
KBest_25_mutual_info_classif_Oversampling_eval2,0.9778247096092925,0.8044441460794844,6,15,0.48780487804878053,133911,0.9838882921589689,3610,0.4,625,916,10
KBest_30_mutual_info_classif_Oversampling_eval2,0.9778247096092925,0.8044441460794844,6,15,0.48780487804878053,133500,0.9838882921589689,4021,0.4,625,916,10
KBest_31_mutual_info_classif_Oversampling_eval2,0.9778247096092925,0.8044441460794844,6,15,0.48780487804878053,133553,0.9838882921589689,3968,0.4,625,916,10
KBest_43_mutual_info_classif_Oversampling_eval2,0.9778247096092925,0.8044441460794844,6,15,0.48780487804878053,134102,0.9838882921589689,3419,0.4,625,916,10
KBest_61_mutual_info_classif_Oversampling_eval2,0.9778247096092925,0.8044441460794844,6,15,0.48780487804878053,133370,0.9838882921589689,4151,0.4,625,916,10
KBest_63_mutual_info_classif_Oversampling_eval2,0.9778247096092925,0.8044441460794844,6,15,0.48780487804878053,133706,0.9838882921589689,3815,0.4,625,916,10
KBest_49_chi2_Oversampling_eval2,0.9767687434002112,0.80390708915145,6,16,0.4761904761904762,133648,0.9828141783029001,3873,0.38461538461538464,625,915,10
KBest_57_chi2_Oversampling_eval2,0.9767687434002112,0.80390708915145,6,16,0.4761904761904762,133529,0.9828141783029001,3992,0.38461538461538464,625,915,10
KBest_68_chi2_Oversampling_eval2,0.9767687434002112,0.80390708915145,6,16,0.4761904761904762,133515,0.9828141783029001,4006,0.38461538461538464,625,915,10
KBest_69_chi2_Oversampling_eval2,0.9767687434002112,0.80390708915145,6,16,0.4761904761904762,133591,0.9828141783029001,3930,0.38461538461538464,625,915,10
KBest_73_f_classif_Oversampling_eval2,0.9767687434002112,0.80390708915145,6,16,0.4761904761904762,133609,0.9828141783029001,3912,0.38461538461538464,625,915,10
KBest_40_mutual_info_classif_Oversampling_eval2,0.9767687434002112,0.80390708915145,6,16,0.4761904761904762,133911,0.9828141783029001,3610,0.38461538461538464,625,915,10
KBest_41_mutual_info_classif_Oversampling_eval2,0.9767687434002112,0.80390708915145,6,16,0.4761904761904762,133920,0.9828141783029001,3601,0.38461538461538464,625,915,10
KBest_69_mutual_info_classif_Oversampling_eval2,0.9767687434002112,0.80390708915145,6,16,0.4761904761904762,133644,0.9828141783029001,3877,0.38461538461538464,625,915,10
KBest_56_chi2_Oversampling_eval2,0.9757127771911299,0.8033700322234156,6,17,0.4651162790697674,133481,0.9817400644468314,4040,0.37037037037037035,625,914,10
KBest_58_chi2_Oversampling_eval2,0.9757127771911299,0.8033700322234156,6,17,0.4651162790697674,133274,0.9817400644468314,4247,0.37037037037037035,625,914,10
KBest_75_chi2_Oversampling_eval2,0.9757127771911299,0.8033700322234156,6,17,0.4651162790697674,133429,0.9817400644468314,4092,0.37037037037037035,625,914,10
KBest_82_chi2_Oversampling_eval2,0.9757127771911299,0.8033700322234156,6,17,0.4651162790697674,133506,0.9817400644468314,4015,0.37037037037037035,625,914,10
KBest_24_mutual_info_classif_Oversampling_eval2,0.9757127771911299,0.8033700322234156,6,17,0.4651162790697674,133753,0.9817400644468314,3768,0.37037037037037035,625,914,10
KBest_54_mutual_info_classif_Oversampling_eval2,0.9757127771911299,0.8033700322234156,6,17,0.4651162790697674,133827,0.9817400644468314,3694,0.37037037037037035,625,914,10
KBest_58_mutual_info_classif_Oversampling_eval2,0.9757127771911299,0.8033700322234156,6,17,0.4651162790697674,133334,0.9817400644468314,4187,0.37037037037037035,625,914,10
KBest_66_mutual_info_classif_Oversampling_eval2,0.9757127771911299,0.8033700322234156,6,17,0.4651162790697674,133531,0.9817400644468314,3990,0.37037037037037035,625,914,10
KBest_67_mutual_info_classif_Oversampling_eval2,0.9757127771911299,0.8033700322234156,6,17,0.4651162790697674,133222,0.9817400644468314,4299,0.37037037037037035,625,914,10
KBest_92_mutual_info_classif_Oversampling_eval2,0.9757127771911299,0.8033700322234156,6,17,0.4651162790697674,133595,0.9817400644468314,3926,0.37037037037037035,625,914,10
KBest_59_chi2_Oversampling_eval2,0.9746568109820486,0.8028329752953813,6,18,0.45454545454545453,133533,0.9806659505907627,3988,0.35714285714285715,625,913,10
KBest_49_f_classif_Oversampling_eval2,0.9746568109820486,0.8028329752953813,6,18,0.45454545454545453,133900,0.9806659505907627,3621,0.35714285714285715,625,913,10
KBest_98_f_classif_Oversampling_eval2,0.9746568109820486,0.8028329752953813,6,18,0.45454545454545453,133178,0.9806659505907627,4343,0.35714285714285715,625,913,10
KBest_46_mutual_info_classif_Oversampling_eval2,0.9746568109820486,0.8028329752953813,6,18,0.45454545454545453,133700,0.9806659505907627,3821,0.35714285714285715,625,913,10
KBest_65_mutual_info_classif_Oversampling_eval2,0.9746568109820486,0.8028329752953813,6,18,0.45454545454545453,133034,0.9806659505907627,4487,0.35714285714285715,625,913,10
KBest_95_mutual_info_classif_Oversampling_eval2,0.9746568109820486,0.8028329752953813,6,18,0.45454545454545453,132921,0.9806659505907627,4600,0.35714285714285715,625,913,10
KBest_97_mutual_info_classif_Oversampling_eval2,0.9746568109820486,0.8028329752953813,6,18,0.45454545454545453,133097,0.9806659505907627,4424,0.35714285714285715,625,913,10
KBest_98_mutual_info_classif_Oversampling_eval2,0.9746568109820486,0.8028329752953813,6,18,0.45454545454545453,133206,0.9806659505907627,4315,0.35714285714285715,625,913,10
KBest_28_mutual_info_classif_Oversampling_eval2,0.9736008447729673,0.8022959183673469,6,19,0.4444444444444445,132814,0.9795918367346939,4707,0.3448275862068966,625,912,10
KBest_36_mutual_info_classif_Oversampling_eval2,0.9736008447729673,0.8022959183673469,6,19,0.4444444444444445,132530,0.9795918367346939,4991,0.3448275862068966,625,912,10
KBest_91_f_classif_Oversampling_eval2,0.9725448785638859,0.8017588614393125,6,20,0.43478260869565216,133363,0.9785177228786252,4158,0.3333333333333333,625,911,10
KBest_59_mutual_info_classif_Oversampling_eval2,0.9725448785638859,0.8017588614393125,6,20,0.43478260869565216,133143,0.9785177228786252,4378,0.3333333333333333,625,911,10
KBest_35_mutual_info_classif_Oversampling_eval2,0.9714889123548046,0.8012218045112782,6,21,0.425531914893617,132300,0.9774436090225563,5221,0.3225806451612903,625,910,10
KBest_72_mutual_info_classif_Oversampling_eval2,0.9714889123548046,0.8012218045112782,6,21,0.425531914893617,133096,0.9774436090225563,4425,0.3225806451612903,625,910,10
KBest_75_mutual_info_classif_Oversampling_eval2,0.9714889123548046,0.8012218045112782,6,21,0.425531914893617,132727,0.9774436090225563,4794,0.3225806451612903,625,910,10
KBest_97_f_classif_Oversampling_eval2,0.9662090813093981,0.7985365198711063,6,26,0.3846153846153846,132072,0.9720730397422127,5449,0.2777777777777778,625,905,10
KBest_94_mutual_info_classif_Oversampling_eval2,0.9630411826821542,0.7969253490870032,6,29,0.3636363636363636,132056,0.9688506981740065,5465,0.2564102564102564,625,902,10
KBest_55_mutual_info_classif_Oversampling_eval2,0.9609292502639916,0.7958512352309345,6,31,0.3508771929824561,132517,0.966702470461869,5004,0.24390243902439024,625,900,10
KBest_49_mutual_info_classif_Oversampling_eval2,0.9598732840549102,0.7953141783029001,6,32,0.3448275862068965,132296,0.9656283566058003,5225,0.23809523809523808,625,899,10
KBest_94_f_classif_Oversampling_eval2,0.9588173178458289,0.7947771213748658,6,33,0.33898305084745767,132004,0.9645542427497314,5517,0.23255813953488372,625,898,10
KBest_52_mutual_info_classif_Oversampling_eval2,0.9577613516367476,0.7942400644468314,6,34,0.3333333333333333,131847,0.9634801288936627,5674,0.22727272727272727,625,897,10
KBest_14_chi2_NoResampling_eval2,0.9904963041182682,0.7801758861439312,7,2,0.6666666666666666,135512,0.9978517722878625,2009,0.8181818181818182,0.5625,929,9
KBest_15_chi2_NoResampling_eval2,0.9904963041182682,0.7801758861439312,7,2,0.6666666666666666,135512,0.9978517722878625,2009,0.8181818181818182,0.5625,929,9
KBest_16_chi2_NoResampling_eval2,0.9904963041182682,0.7801758861439312,7,2,0.6666666666666666,135512,0.9978517722878625,2009,0.8181818181818182,0.5625,929,9
KBest_17_chi2_NoResampling_eval2,0.9904963041182682,0.7801758861439312,7,2,0.6666666666666666,135512,0.9978517722878625,2009,0.8181818181818182,0.5625,929,9
KBest_18_chi2_NoResampling_eval2,0.9904963041182682,0.7801758861439312,7,2,0.6666666666666666,135512,0.9978517722878625,2009,0.8181818181818182,0.5625,929,9
KBest_19_chi2_NoResampling_eval2,0.9904963041182682,0.7801758861439312,7,2,0.6666666666666666,135629,0.9978517722878625,1892,0.8181818181818182,0.5625,929,9
KBest_20_chi2_NoResampling_eval2,0.9904963041182682,0.7801758861439312,7,2,0.6666666666666666,135629,0.9978517722878625,1892,0.8181818181818182,0.5625,929,9
KBest_21_chi2_NoResampling_eval2,0.9904963041182682,0.7801758861439312,7,2,0.6666666666666666,135624,0.9978517722878625,1897,0.8181818181818182,0.5625,929,9
KBest_22_chi2_NoResampling_eval2,0.9904963041182682,0.7801758861439312,7,2,0.6666666666666666,135630,0.9978517722878625,1891,0.8181818181818182,0.5625,929,9
KBest_14_f_classif_NoResampling_eval2,0.9904963041182682,0.7801758861439312,7,2,0.6666666666666666,135512,0.9978517722878625,2009,0.8181818181818182,0.5625,929,9
KBest_15_f_classif_NoResampling_eval2,0.9904963041182682,0.7801758861439312,7,2,0.6666666666666666,135512,0.9978517722878625,2009,0.8181818181818182,0.5625,929,9
KBest_16_f_classif_NoResampling_eval2,0.9904963041182682,0.7801758861439312,7,2,0.6666666666666666,135512,0.9978517722878625,2009,0.8181818181818182,0.5625,929,9
KBest_17_f_classif_NoResampling_eval2,0.9904963041182682,0.7801758861439312,7,2,0.6666666666666666,135512,0.9978517722878625,2009,0.8181818181818182,0.5625,929,9
KBest_18_f_classif_NoResampling_eval2,0.9904963041182682,0.7801758861439312,7,2,0.6666666666666666,135512,0.9978517722878625,2009,0.8181818181818182,0.5625,929,9
KBest_19_f_classif_NoResampling_eval2,0.9904963041182682,0.7801758861439312,7,2,0.6666666666666666,135629,0.9978517722878625,1892,0.8181818181818182,0.5625,929,9
KBest_20_f_classif_NoResampling_eval2,0.9904963041182682,0.7801758861439312,7,2,0.6666666666666666,135624,0.9978517722878625,1897,0.8181818181818182,0.5625,929,9
KBest_21_f_classif_NoResampling_eval2,0.9904963041182682,0.7801758861439312,7,2,0.6666666666666666,135624,0.9978517722878625,1897,0.8181818181818182,0.5625,929,9
KBest_52_f_classif_NoResampling_eval2,0.9904963041182682,0.7801758861439312,7,2,0.6666666666666666,135271,0.9978517722878625,2250,0.8181818181818182,0.5625,929,9
KBest_58_f_classif_NoResampling_eval2,0.9904963041182682,0.7801758861439312,7,2,0.6666666666666666,135308,0.9978517722878625,2213,0.8181818181818182,0.5625,929,9
KBest_15_mutual_info_classif_NoResampling_eval2,0.9904963041182682,0.7801758861439312,7,2,0.6666666666666666,135565,0.9978517722878625,1956,0.8181818181818182,0.5625,929,9
KBest_54_mutual_info_classif_NoResampling_eval2,0.9904963041182682,0.7801758861439312,7,2,0.6666666666666666,135164,0.9978517722878625,2357,0.8181818181818182,0.5625,929,9
KBest_55_mutual_info_classif_NoResampling_eval2,0.9904963041182682,0.7801758861439312,7,2,0.6666666666666666,135205,0.9978517722878625,2316,0.8181818181818182,0.5625,929,9
KBest_56_mutual_info_classif_NoResampling_eval2,0.9904963041182682,0.7801758861439312,7,2,0.6666666666666666,135157,0.9978517722878625,2364,0.8181818181818182,0.5625,929,9
KBest_66_mutual_info_classif_NoResampling_eval2,0.9904963041182682,0.7801758861439312,7,2,0.6666666666666666,135219,0.9978517722878625,2302,0.8181818181818182,0.5625,929,9
KBest_68_mutual_info_classif_NoResampling_eval2,0.9904963041182682,0.7801758861439312,7,2,0.6666666666666666,135166,0.9978517722878625,2355,0.8181818181818182,0.5625,929,9
KBest_96_chi2_NoResampling_eval2,0.989440337909187,0.7796388292158969,7,3,0.6428571428571429,135206,0.9967776584317938,2315,0.75,0.5625,928,9
KBest_47_mutual_info_classif_NoResampling_eval2,0.989440337909187,0.7796388292158969,7,3,0.6428571428571429,135207,0.9967776584317938,2314,0.75,0.5625,928,9
KBest_48_mutual_info_classif_NoResampling_eval2,0.989440337909187,0.7796388292158969,7,3,0.6428571428571429,135218,0.9967776584317938,2303,0.75,0.5625,928,9
KBest_49_mutual_info_classif_NoResampling_eval2,0.989440337909187,0.7796388292158969,7,3,0.6428571428571429,135189,0.9967776584317938,2332,0.75,0.5625,928,9
KBest_50_mutual_info_classif_NoResampling_eval2,0.989440337909187,0.7796388292158969,7,3,0.6428571428571429,135168,0.9967776584317938,2353,0.75,0.5625,928,9
KBest_51_mutual_info_classif_NoResampling_eval2,0.989440337909187,0.7796388292158969,7,3,0.6428571428571429,135211,0.9967776584317938,2310,0.75,0.5625,928,9
KBest_20_mutual_info_classif_NoResampling_eval2,0.9883843717001056,0.7791017722878626,7,4,0.6206896551724138,135447,0.9957035445757251,2074,0.6923076923076923,0.5625,927,9
KBest_21_mutual_info_classif_NoResampling_eval2,0.9883843717001056,0.7791017722878626,7,4,0.6206896551724138,135412,0.9957035445757251,2109,0.6923076923076923,0.5625,927,9
KBest_22_mutual_info_classif_NoResampling_eval2,0.9883843717001056,0.7791017722878626,7,4,0.6206896551724138,135447,0.9957035445757251,2074,0.6923076923076923,0.5625,927,9
KBest_23_mutual_info_classif_NoResampling_eval2,0.9883843717001056,0.7791017722878626,7,4,0.6206896551724138,135396,0.9957035445757251,2125,0.6923076923076923,0.5625,927,9
KBest_23_chi2_NoResampling_eval2,0.9873284054910243,0.7785647153598281,7,5,0.6000000000000001,135410,0.9946294307196563,2111,0.6428571428571429,0.5625,926,9
KBest_24_chi2_NoResampling_eval2,0.9873284054910243,0.7785647153598281,7,5,0.6000000000000001,135412,0.9946294307196563,2109,0.6428571428571429,0.5625,926,9
KBest_25_chi2_NoResampling_eval2,0.9873284054910243,0.7785647153598281,7,5,0.6000000000000001,135416,0.9946294307196563,2105,0.6428571428571429,0.5625,926,9
KBest_26_chi2_NoResampling_eval2,0.9873284054910243,0.7785647153598281,7,5,0.6000000000000001,135454,0.9946294307196563,2067,0.6428571428571429,0.5625,926,9
KBest_22_f_classif_NoResampling_eval2,0.9873284054910243,0.7785647153598281,7,5,0.6000000000000001,135412,0.9946294307196563,2109,0.6428571428571429,0.5625,926,9
KBest_23_f_classif_NoResampling_eval2,0.9873284054910243,0.7785647153598281,7,5,0.6000000000000001,135410,0.9946294307196563,2111,0.6428571428571429,0.5625,926,9
KBest_24_f_classif_NoResampling_eval2,0.9873284054910243,0.7785647153598281,7,5,0.6000000000000001,135461,0.9946294307196563,2060,0.6428571428571429,0.5625,926,9
KBest_25_f_classif_NoResampling_eval2,0.9873284054910243,0.7785647153598281,7,5,0.6000000000000001,135462,0.9946294307196563,2059,0.6428571428571429,0.5625,926,9
KBest_26_f_classif_NoResampling_eval2,0.9873284054910243,0.7785647153598281,7,5,0.6000000000000001,135454,0.9946294307196563,2067,0.6428571428571429,0.5625,926,9
KBest_16_mutual_info_classif_NoResampling_eval2,0.9873284054910243,0.7785647153598281,7,5,0.6000000000000001,135336,0.9946294307196563,2185,0.6428571428571429,0.5625,926,9
KBest_17_mutual_info_classif_NoResampling_eval2,0.9873284054910243,0.7785647153598281,7,5,0.6000000000000001,135334,0.9946294307196563,2187,0.6428571428571429,0.5625,926,9
KBest_14_chi2_Oversampling_eval2,0.9873284054910243,0.7785647153598281,7,5,0.6000000000000001,135068,0.9946294307196563,2453,0.6428571428571429,0.5625,926,9
KBest_15_chi2_Oversampling_eval2,0.9873284054910243,0.7785647153598281,7,5,0.6000000000000001,135064,0.9946294307196563,2457,0.6428571428571429,0.5625,926,9
KBest_16_chi2_Oversampling_eval2,0.9873284054910243,0.7785647153598281,7,5,0.6000000000000001,135080,0.9946294307196563,2441,0.6428571428571429,0.5625,926,9
KBest_17_chi2_Oversampling_eval2,0.9873284054910243,0.7785647153598281,7,5,0.6000000000000001,135088,0.9946294307196563,2433,0.6428571428571429,0.5625,926,9
KBest_18_chi2_Oversampling_eval2,0.9873284054910243,0.7785647153598281,7,5,0.6000000000000001,135068,0.9946294307196563,2453,0.6428571428571429,0.5625,926,9
KBest_19_chi2_Oversampling_eval2,0.9873284054910243,0.7785647153598281,7,5,0.6000000000000001,135047,0.9946294307196563,2474,0.6428571428571429,0.5625,926,9
KBest_20_chi2_Oversampling_eval2,0.9873284054910243,0.7785647153598281,7,5,0.6000000000000001,135047,0.9946294307196563,2474,0.6428571428571429,0.5625,926,9
KBest_23_chi2_Oversampling_eval2,0.9873284054910243,0.7785647153598281,7,5,0.6000000000000001,134755,0.9946294307196563,2766,0.6428571428571429,0.5625,926,9
KBest_27_chi2_Oversampling_eval2,0.9873284054910243,0.7785647153598281,7,5,0.6000000000000001,134971,0.9946294307196563,2550,0.6428571428571429,0.5625,926,9
KBest_14_f_classif_Oversampling_eval2,0.9873284054910243,0.7785647153598281,7,5,0.6000000000000001,135068,0.9946294307196563,2453,0.6428571428571429,0.5625,926,9
KBest_15_f_classif_Oversampling_eval2,0.9873284054910243,0.7785647153598281,7,5,0.6000000000000001,135064,0.9946294307196563,2457,0.6428571428571429,0.5625,926,9
KBest_16_f_classif_Oversampling_eval2,0.9873284054910243,0.7785647153598281,7,5,0.6000000000000001,135080,0.9946294307196563,2441,0.6428571428571429,0.5625,926,9
KBest_17_f_classif_Oversampling_eval2,0.9873284054910243,0.7785647153598281,7,5,0.6000000000000001,135088,0.9946294307196563,2433,0.6428571428571429,0.5625,926,9
KBest_18_f_classif_Oversampling_eval2,0.9873284054910243,0.7785647153598281,7,5,0.6000000000000001,135068,0.9946294307196563,2453,0.6428571428571429,0.5625,926,9
KBest_19_f_classif_Oversampling_eval2,0.9873284054910243,0.7785647153598281,7,5,0.6000000000000001,135047,0.9946294307196563,2474,0.6428571428571429,0.5625,926,9
KBest_23_f_classif_Oversampling_eval2,0.9873284054910243,0.7785647153598281,7,5,0.6000000000000001,134755,0.9946294307196563,2766,0.6428571428571429,0.5625,926,9
KBest_27_f_classif_Oversampling_eval2,0.9873284054910243,0.7785647153598281,7,5,0.6000000000000001,134971,0.9946294307196563,2550,0.6428571428571429,0.5625,926,9
KBest_56_f_classif_Oversampling_eval2,0.9831045406546991,0.7764164876476907,7,9,0.5294117647058824,134471,0.9903329752953813,3050,0.5,0.5625,922,9
KBest_50_f_classif_Oversampling_eval2,0.9809926082365364,0.7753423737916219,7,11,0.5,134197,0.9881847475832438,3324,0.45,0.5625,920,9
KBest_55_f_classif_Oversampling_eval2,0.9809926082365364,0.7753423737916219,7,11,0.5,134291,0.9881847475832438,3230,0.45,0.5625,920,9
KBest_75_f_classif_Oversampling_eval2,0.9809926082365364,0.7753423737916219,7,11,0.5,133816,0.9881847475832438,3705,0.45,0.5625,920,9
KBest_55_chi2_Oversampling_eval2,0.9799366420274551,0.7748053168635876,7,12,0.4864864864864864,134033,0.9871106337271751,3488,0.42857142857142855,0.5625,919,9
KBest_51_f_classif_Oversampling_eval2,0.9799366420274551,0.7748053168635876,7,12,0.4864864864864864,134131,0.9871106337271751,3390,0.42857142857142855,0.5625,919,9
KBest_57_f_classif_Oversampling_eval2,0.9799366420274551,0.7748053168635876,7,12,0.4864864864864864,134194,0.9871106337271751,3327,0.42857142857142855,0.5625,919,9
KBest_88_f_classif_Oversampling_eval2,0.9778247096092925,0.7737312030075187,7,14,0.46153846153846156,133755,0.9849624060150376,3766,0.391304347826087,0.5625,917,9
KBest_44_mutual_info_classif_Oversampling_eval2,0.9778247096092925,0.7737312030075187,7,14,0.46153846153846156,134111,0.9849624060150376,3410,0.391304347826087,0.5625,917,9
KBest_45_mutual_info_classif_Oversampling_eval2,0.9778247096092925,0.7737312030075187,7,14,0.46153846153846156,134114,0.9849624060150376,3407,0.391304347826087,0.5625,917,9
KBest_60_mutual_info_classif_Oversampling_eval2,0.9778247096092925,0.7737312030075187,7,14,0.46153846153846156,133340,0.9849624060150376,4181,0.391304347826087,0.5625,917,9
KBest_61_f_classif_Oversampling_eval2,0.9767687434002112,0.7731941460794844,7,15,0.45,133773,0.9838882921589689,3748,375,0.5625,916,9
KBest_72_f_classif_Oversampling_eval2,0.9767687434002112,0.7731941460794844,7,15,0.45,133544,0.9838882921589689,3977,375,0.5625,916,9
KBest_74_f_classif_Oversampling_eval2,0.9767687434002112,0.7731941460794844,7,15,0.45,133552,0.9838882921589689,3969,375,0.5625,916,9
KBest_82_f_classif_Oversampling_eval2,0.9767687434002112,0.7731941460794844,7,15,0.45,133757,0.9838882921589689,3764,375,0.5625,916,9
KBest_47_mutual_info_classif_Oversampling_eval2,0.9767687434002112,0.7731941460794844,7,15,0.45,134029,0.9838882921589689,3492,375,0.5625,916,9
KBest_56_mutual_info_classif_Oversampling_eval2,0.9757127771911299,0.77265708915145,7,16,0.43902439024390244,133802,0.9828141783029001,3719,0.36,0.5625,915,9
KBest_53_mutual_info_classif_Oversampling_eval2,0.9746568109820486,0.7721200322234156,7,17,0.4285714285714286,133742,0.9817400644468314,3779,0.34615384615384615,0.5625,914,9
KBest_48_f_classif_Oversampling_eval2,0.9736008447729673,0.7715829752953813,7,18,0.4186046511627907,133756,0.9806659505907627,3765,0.3333333333333333,0.5625,913,9
KBest_91_chi2_Oversampling_eval2,0.9725448785638859,0.7710459183673469,7,19,0.40909090909090917,132570,0.9795918367346939,4951,0.32142857142857145,0.5625,912,9
KBest_63_f_classif_Oversampling_eval2,0.9651531151003168,0.7672865198711063,7,26,0.3529411764705882,132351,0.9720730397422127,5170,0.2571428571428571,0.5625,905,9
KBest_50_mutual_info_classif_Oversampling_eval2,0.9609292502639916,0.7651382921589689,7,30,0.32727272727272727,132353,0.9677765843179377,5168,0.23076923076923078,0.5625,901,9
KBest_76_f_classif_Oversampling_eval2,0.9598732840549102,0.7646012352309345,7,31,0.3214285714285714,132070,0.966702470461869,5451,225,0.5625,900,9
KBest_3_chi2_NoResampling_eval2,0.9915522703273495,0.75,8,0,0.6666666666666666,136047,1.0,1474,1.0,0.5,931,8
KBest_4_chi2_NoResampling_eval2,0.9915522703273495,0.75,8,0,0.6666666666666666,136047,1.0,1474,1.0,0.5,931,8
KBest_5_chi2_NoResampling_eval2,0.9915522703273495,0.75,8,0,0.6666666666666666,136084,1.0,1437,1.0,0.5,931,8
KBest_6_chi2_NoResampling_eval2,0.9915522703273495,0.75,8,0,0.6666666666666666,136088,1.0,1433,1.0,0.5,931,8
KBest_7_chi2_NoResampling_eval2,0.9915522703273495,0.75,8,0,0.6666666666666666,136088,1.0,1433,1.0,0.5,931,8
KBest_8_chi2_NoResampling_eval2,0.9915522703273495,0.75,8,0,0.6666666666666666,136088,1.0,1433,1.0,0.5,931,8
KBest_9_chi2_NoResampling_eval2,0.9915522703273495,0.75,8,0,0.6666666666666666,136088,1.0,1433,1.0,0.5,931,8
KBest_3_f_classif_NoResampling_eval2,0.9915522703273495,0.75,8,0,0.6666666666666666,136047,1.0,1474,1.0,0.5,931,8
KBest_4_f_classif_NoResampling_eval2,0.9915522703273495,0.75,8,0,0.6666666666666666,136047,1.0,1474,1.0,0.5,931,8
KBest_5_f_classif_NoResampling_eval2,0.9915522703273495,0.75,8,0,0.6666666666666666,136084,1.0,1437,1.0,0.5,931,8
KBest_6_f_classif_NoResampling_eval2,0.9915522703273495,0.75,8,0,0.6666666666666666,136088,1.0,1433,1.0,0.5,931,8
KBest_7_f_classif_NoResampling_eval2,0.9915522703273495,0.75,8,0,0.6666666666666666,136088,1.0,1433,1.0,0.5,931,8
KBest_8_f_classif_NoResampling_eval2,0.9915522703273495,0.75,8,0,0.6666666666666666,136088,1.0,1433,1.0,0.5,931,8
KBest_9_f_classif_NoResampling_eval2,0.9915522703273495,0.75,8,0,0.6666666666666666,136088,1.0,1433,1.0,0.5,931,8
KBest_4_mutual_info_classif_NoResampling_eval2,0.9915522703273495,0.75,8,0,0.6666666666666666,136047,1.0,1474,1.0,0.5,931,8
KBest_5_mutual_info_classif_NoResampling_eval2,0.9915522703273495,0.75,8,0,0.6666666666666666,136078,1.0,1443,1.0,0.5,931,8
KBest_6_mutual_info_classif_NoResampling_eval2,0.9915522703273495,0.75,8,0,0.6666666666666666,136088,1.0,1433,1.0,0.5,931,8
KBest_7_mutual_info_classif_NoResampling_eval2,0.9915522703273495,0.75,8,0,0.6666666666666666,136088,1.0,1433,1.0,0.5,931,8
KBest_8_mutual_info_classif_NoResampling_eval2,0.9915522703273495,0.75,8,0,0.6666666666666666,136088,1.0,1433,1.0,0.5,931,8
KBest_9_mutual_info_classif_NoResampling_eval2,0.9915522703273495,0.75,8,0,0.6666666666666666,136088,1.0,1433,1.0,0.5,931,8
KBest_3_chi2_Oversampling_eval2,0.9915522703273495,0.75,8,0,0.6666666666666666,136047,1.0,1474,1.0,0.5,931,8
KBest_3_f_classif_Oversampling_eval2,0.9915522703273495,0.75,8,0,0.6666666666666666,136047,1.0,1474,1.0,0.5,931,8
KBest_4_mutual_info_classif_Oversampling_eval2,0.9915522703273495,0.75,8,0,0.6666666666666666,136047,1.0,1474,1.0,0.5,931,8
KBest_4_chi2_Oversampling_eval2,0.9904963041182682,0.7494629430719657,8,1,0.64,135906,0.9989258861439313,1615,0.8888888888888888,0.5,930,8
KBest_53_f_classif_NoResampling_eval2,0.989440337909187,0.7489258861439312,8,2,0.6153846153846154,135352,0.9978517722878625,2169,0.8,0.5,929,8
KBest_54_f_classif_NoResampling_eval2,0.989440337909187,0.7489258861439312,8,2,0.6153846153846154,135336,0.9978517722878625,2185,0.8,0.5,929,8
KBest_55_f_classif_NoResampling_eval2,0.989440337909187,0.7489258861439312,8,2,0.6153846153846154,135286,0.9978517722878625,2235,0.8,0.5,929,8
KBest_59_f_classif_NoResampling_eval2,0.989440337909187,0.7489258861439312,8,2,0.6153846153846154,135304,0.9978517722878625,2217,0.8,0.5,929,8
KBest_60_f_classif_NoResampling_eval2,0.989440337909187,0.7489258861439312,8,2,0.6153846153846154,135269,0.9978517722878625,2252,0.8,0.5,929,8
KBest_61_f_classif_NoResampling_eval2,0.989440337909187,0.7489258861439312,8,2,0.6153846153846154,135287,0.9978517722878625,2234,0.8,0.5,929,8
KBest_62_f_classif_NoResampling_eval2,0.989440337909187,0.7489258861439312,8,2,0.6153846153846154,135271,0.9978517722878625,2250,0.8,0.5,929,8
KBest_63_f_classif_NoResampling_eval2,0.989440337909187,0.7489258861439312,8,2,0.6153846153846154,135356,0.9978517722878625,2165,0.8,0.5,929,8
KBest_64_f_classif_NoResampling_eval2,0.989440337909187,0.7489258861439312,8,2,0.6153846153846154,135296,0.9978517722878625,2225,0.8,0.5,929,8
KBest_65_f_classif_NoResampling_eval2,0.989440337909187,0.7489258861439312,8,2,0.6153846153846154,135301,0.9978517722878625,2220,0.8,0.5,929,8
KBest_66_f_classif_NoResampling_eval2,0.989440337909187,0.7489258861439312,8,2,0.6153846153846154,135312,0.9978517722878625,2209,0.8,0.5,929,8
KBest_67_f_classif_NoResampling_eval2,0.989440337909187,0.7489258861439312,8,2,0.6153846153846154,135315,0.9978517722878625,2206,0.8,0.5,929,8
KBest_68_f_classif_NoResampling_eval2,0.989440337909187,0.7489258861439312,8,2,0.6153846153846154,135200,0.9978517722878625,2321,0.8,0.5,929,8
KBest_69_f_classif_NoResampling_eval2,0.989440337909187,0.7489258861439312,8,2,0.6153846153846154,135242,0.9978517722878625,2279,0.8,0.5,929,8
KBest_71_f_classif_NoResampling_eval2,0.989440337909187,0.7489258861439312,8,2,0.6153846153846154,135254,0.9978517722878625,2267,0.8,0.5,929,8
KBest_72_f_classif_NoResampling_eval2,0.989440337909187,0.7489258861439312,8,2,0.6153846153846154,135229,0.9978517722878625,2292,0.8,0.5,929,8
KBest_74_f_classif_NoResampling_eval2,0.989440337909187,0.7489258861439312,8,2,0.6153846153846154,135260,0.9978517722878625,2261,0.8,0.5,929,8
KBest_77_f_classif_NoResampling_eval2,0.989440337909187,0.7489258861439312,8,2,0.6153846153846154,135228,0.9978517722878625,2293,0.8,0.5,929,8
KBest_53_mutual_info_classif_NoResampling_eval2,0.989440337909187,0.7489258861439312,8,2,0.6153846153846154,135211,0.9978517722878625,2310,0.8,0.5,929,8
KBest_57_mutual_info_classif_NoResampling_eval2,0.989440337909187,0.7489258861439312,8,2,0.6153846153846154,135255,0.9978517722878625,2266,0.8,0.5,929,8
KBest_59_mutual_info_classif_NoResampling_eval2,0.989440337909187,0.7489258861439312,8,2,0.6153846153846154,135235,0.9978517722878625,2286,0.8,0.5,929,8
KBest_60_mutual_info_classif_NoResampling_eval2,0.989440337909187,0.7489258861439312,8,2,0.6153846153846154,135255,0.9978517722878625,2266,0.8,0.5,929,8
KBest_61_mutual_info_classif_NoResampling_eval2,0.989440337909187,0.7489258861439312,8,2,0.6153846153846154,135268,0.9978517722878625,2253,0.8,0.5,929,8
KBest_62_mutual_info_classif_NoResampling_eval2,0.989440337909187,0.7489258861439312,8,2,0.6153846153846154,135213,0.9978517722878625,2308,0.8,0.5,929,8
KBest_69_mutual_info_classif_NoResampling_eval2,0.989440337909187,0.7489258861439312,8,2,0.6153846153846154,135217,0.9978517722878625,2304,0.8,0.5,929,8
KBest_72_mutual_info_classif_NoResampling_eval2,0.989440337909187,0.7489258861439312,8,2,0.6153846153846154,135186,0.9978517722878625,2335,0.8,0.5,929,8
KBest_84_chi2_NoResampling_eval2,0.9883843717001056,0.7483888292158969,8,3,0.5925925925925926,135271,0.9967776584317938,2250,0.7272727272727273,0.5,928,8
KBest_86_chi2_NoResampling_eval2,0.9883843717001056,0.7483888292158969,8,3,0.5925925925925926,135239,0.9967776584317938,2282,0.7272727272727273,0.5,928,8
KBest_87_chi2_NoResampling_eval2,0.9883843717001056,0.7483888292158969,8,3,0.5925925925925926,135281,0.9967776584317938,2240,0.7272727272727273,0.5,928,8
KBest_88_chi2_NoResampling_eval2,0.9883843717001056,0.7483888292158969,8,3,0.5925925925925926,135256,0.9967776584317938,2265,0.7272727272727273,0.5,928,8
KBest_94_chi2_NoResampling_eval2,0.9883843717001056,0.7483888292158969,8,3,0.5925925925925926,135249,0.9967776584317938,2272,0.7272727272727273,0.5,928,8
KBest_95_chi2_NoResampling_eval2,0.9883843717001056,0.7483888292158969,8,3,0.5925925925925926,135122,0.9967776584317938,2399,0.7272727272727273,0.5,928,8
KBest_79_f_classif_NoResampling_eval2,0.9883843717001056,0.7483888292158969,8,3,0.5925925925925926,135258,0.9967776584317938,2263,0.7272727272727273,0.5,928,8
KBest_80_f_classif_NoResampling_eval2,0.9883843717001056,0.7483888292158969,8,3,0.5925925925925926,135249,0.9967776584317938,2272,0.7272727272727273,0.5,928,8
KBest_82_f_classif_NoResampling_eval2,0.9883843717001056,0.7483888292158969,8,3,0.5925925925925926,135279,0.9967776584317938,2242,0.7272727272727273,0.5,928,8
KBest_84_f_classif_NoResampling_eval2,0.9883843717001056,0.7483888292158969,8,3,0.5925925925925926,135253,0.9967776584317938,2268,0.7272727272727273,0.5,928,8
KBest_88_f_classif_NoResampling_eval2,0.9883843717001056,0.7483888292158969,8,3,0.5925925925925926,135266,0.9967776584317938,2255,0.7272727272727273,0.5,928,8
KBest_91_f_classif_NoResampling_eval2,0.9883843717001056,0.7483888292158969,8,3,0.5925925925925926,135246,0.9967776584317938,2275,0.7272727272727273,0.5,928,8
KBest_92_f_classif_NoResampling_eval2,0.9883843717001056,0.7483888292158969,8,3,0.5925925925925926,135282,0.9967776584317938,2239,0.7272727272727273,0.5,928,8
KBest_93_f_classif_NoResampling_eval2,0.9883843717001056,0.7483888292158969,8,3,0.5925925925925926,135244,0.9967776584317938,2277,0.7272727272727273,0.5,928,8
KBest_94_f_classif_NoResampling_eval2,0.9883843717001056,0.7483888292158969,8,3,0.5925925925925926,135196,0.9967776584317938,2325,0.7272727272727273,0.5,928,8
KBest_95_f_classif_NoResampling_eval2,0.9883843717001056,0.7483888292158969,8,3,0.5925925925925926,135243,0.9967776584317938,2278,0.7272727272727273,0.5,928,8
KBest_98_f_classif_NoResampling_eval2,0.9883843717001056,0.7483888292158969,8,3,0.5925925925925926,135055,0.9967776584317938,2466,0.7272727272727273,0.5,928,8
KBest_99_f_classif_NoResampling_eval2,0.9883843717001056,0.7483888292158969,8,3,0.5925925925925926,135171,0.9967776584317938,2350,0.7272727272727273,0.5,928,8
KBest_37_mutual_info_classif_NoResampling_eval2,0.9883843717001056,0.7483888292158969,8,3,0.5925925925925926,135068,0.9967776584317938,2453,0.7272727272727273,0.5,928,8
KBest_74_mutual_info_classif_NoResampling_eval2,0.9883843717001056,0.7483888292158969,8,3,0.5925925925925926,135221,0.9967776584317938,2300,0.7272727272727273,0.5,928,8
KBest_77_mutual_info_classif_NoResampling_eval2,0.9883843717001056,0.7483888292158969,8,3,0.5925925925925926,135188,0.9967776584317938,2333,0.7272727272727273,0.5,928,8
KBest_86_mutual_info_classif_NoResampling_eval2,0.9883843717001056,0.7483888292158969,8,3,0.5925925925925926,135220,0.9967776584317938,2301,0.7272727272727273,0.5,928,8
KBest_88_mutual_info_classif_NoResampling_eval2,0.9883843717001056,0.7483888292158969,8,3,0.5925925925925926,135237,0.9967776584317938,2284,0.7272727272727273,0.5,928,8
KBest_92_mutual_info_classif_NoResampling_eval2,0.9883843717001056,0.7483888292158969,8,3,0.5925925925925926,135183,0.9967776584317938,2338,0.7272727272727273,0.5,928,8
KBest_99_mutual_info_classif_NoResampling_eval2,0.9883843717001056,0.7483888292158969,8,3,0.5925925925925926,135150,0.9967776584317938,2371,0.7272727272727273,0.5,928,8
KBest_10_chi2_NoResampling_eval2,0.9873284054910243,0.7478517722878626,8,4,0.5714285714285715,135671,0.9957035445757251,1850,0.6666666666666666,0.5,927,8
KBest_11_chi2_NoResampling_eval2,0.9873284054910243,0.7478517722878626,8,4,0.5714285714285715,135556,0.9957035445757251,1965,0.6666666666666666,0.5,927,8
KBest_12_chi2_NoResampling_eval2,0.9873284054910243,0.7478517722878626,8,4,0.5714285714285715,135538,0.9957035445757251,1983,0.6666666666666666,0.5,927,8
KBest_13_chi2_NoResampling_eval2,0.9873284054910243,0.7478517722878626,8,4,0.5714285714285715,135550,0.9957035445757251,1971,0.6666666666666666,0.5,927,8
KBest_81_chi2_NoResampling_eval2,0.9873284054910243,0.7478517722878626,8,4,0.5714285714285715,135246,0.9957035445757251,2275,0.6666666666666666,0.5,927,8
KBest_82_chi2_NoResampling_eval2,0.9873284054910243,0.7478517722878626,8,4,0.5714285714285715,135234,0.9957035445757251,2287,0.6666666666666666,0.5,927,8
KBest_83_chi2_NoResampling_eval2,0.9873284054910243,0.7478517722878626,8,4,0.5714285714285715,135237,0.9957035445757251,2284,0.6666666666666666,0.5,927,8
KBest_85_chi2_NoResampling_eval2,0.9873284054910243,0.7478517722878626,8,4,0.5714285714285715,135248,0.9957035445757251,2273,0.6666666666666666,0.5,927,8
KBest_92_chi2_NoResampling_eval2,0.9873284054910243,0.7478517722878626,8,4,0.5714285714285715,135248,0.9957035445757251,2273,0.6666666666666666,0.5,927,8
KBest_93_chi2_NoResampling_eval2,0.9873284054910243,0.7478517722878626,8,4,0.5714285714285715,135203,0.9957035445757251,2318,0.6666666666666666,0.5,927,8
KBest_97_chi2_NoResampling_eval2,0.9873284054910243,0.7478517722878626,8,4,0.5714285714285715,135143,0.9957035445757251,2378,0.6666666666666666,0.5,927,8
KBest_98_chi2_NoResampling_eval2,0.9873284054910243,0.7478517722878626,8,4,0.5714285714285715,135105,0.9957035445757251,2416,0.6666666666666666,0.5,927,8
KBest_10_f_classif_NoResampling_eval2,0.9873284054910243,0.7478517722878626,8,4,0.5714285714285715,135671,0.9957035445757251,1850,0.6666666666666666,0.5,927,8
KBest_11_f_classif_NoResampling_eval2,0.9873284054910243,0.7478517722878626,8,4,0.5714285714285715,135556,0.9957035445757251,1965,0.6666666666666666,0.5,927,8
KBest_12_f_classif_NoResampling_eval2,0.9873284054910243,0.7478517722878626,8,4,0.5714285714285715,135538,0.9957035445757251,1983,0.6666666666666666,0.5,927,8
KBest_13_f_classif_NoResampling_eval2,0.9873284054910243,0.7478517722878626,8,4,0.5714285714285715,135550,0.9957035445757251,1971,0.6666666666666666,0.5,927,8
KBest_81_f_classif_NoResampling_eval2,0.9873284054910243,0.7478517722878626,8,4,0.5714285714285715,135263,0.9957035445757251,2258,0.6666666666666666,0.5,927,8
KBest_83_f_classif_NoResampling_eval2,0.9873284054910243,0.7478517722878626,8,4,0.5714285714285715,135252,0.9957035445757251,2269,0.6666666666666666,0.5,927,8
KBest_85_f_classif_NoResampling_eval2,0.9873284054910243,0.7478517722878626,8,4,0.5714285714285715,135273,0.9957035445757251,2248,0.6666666666666666,0.5,927,8
KBest_87_f_classif_NoResampling_eval2,0.9873284054910243,0.7478517722878626,8,4,0.5714285714285715,135200,0.9957035445757251,2321,0.6666666666666666,0.5,927,8
KBest_90_f_classif_NoResampling_eval2,0.9873284054910243,0.7478517722878626,8,4,0.5714285714285715,135190,0.9957035445757251,2331,0.6666666666666666,0.5,927,8
KBest_97_f_classif_NoResampling_eval2,0.9873284054910243,0.7478517722878626,8,4,0.5714285714285715,135194,0.9957035445757251,2327,0.6666666666666666,0.5,927,8
KBest_10_mutual_info_classif_NoResampling_eval2,0.9873284054910243,0.7478517722878626,8,4,0.5714285714285715,135671,0.9957035445757251,1850,0.6666666666666666,0.5,927,8
KBest_11_mutual_info_classif_NoResampling_eval2,0.9873284054910243,0.7478517722878626,8,4,0.5714285714285715,135556,0.9957035445757251,1965,0.6666666666666666,0.5,927,8
KBest_12_mutual_info_classif_NoResampling_eval2,0.9873284054910243,0.7478517722878626,8,4,0.5714285714285715,135538,0.9957035445757251,1983,0.6666666666666666,0.5,927,8
KBest_13_mutual_info_classif_NoResampling_eval2,0.9873284054910243,0.7478517722878626,8,4,0.5714285714285715,135550,0.9957035445757251,1971,0.6666666666666666,0.5,927,8
KBest_52_mutual_info_classif_NoResampling_eval2,0.9873284054910243,0.7478517722878626,8,4,0.5714285714285715,135133,0.9957035445757251,2388,0.6666666666666666,0.5,927,8
KBest_79_mutual_info_classif_NoResampling_eval2,0.9873284054910243,0.7478517722878626,8,4,0.5714285714285715,135178,0.9957035445757251,2343,0.6666666666666666,0.5,927,8
KBest_82_mutual_info_classif_NoResampling_eval2,0.9873284054910243,0.7478517722878626,8,4,0.5714285714285715,135151,0.9957035445757251,2370,0.6666666666666666,0.5,927,8
KBest_87_mutual_info_classif_NoResampling_eval2,0.9873284054910243,0.7478517722878626,8,4,0.5714285714285715,135164,0.9957035445757251,2357,0.6666666666666666,0.5,927,8
KBest_93_mutual_info_classif_NoResampling_eval2,0.9873284054910243,0.7478517722878626,8,4,0.5714285714285715,135180,0.9957035445757251,2341,0.6666666666666666,0.5,927,8
KBest_96_mutual_info_classif_NoResampling_eval2,0.9873284054910243,0.7478517722878626,8,4,0.5714285714285715,135163,0.9957035445757251,2358,0.6666666666666666,0.5,927,8
KBest_11_chi2_Oversampling_eval2,0.9873284054910243,0.7478517722878626,8,4,0.5714285714285715,135345,0.9957035445757251,2176,0.6666666666666666,0.5,927,8
KBest_11_f_classif_Oversampling_eval2,0.9873284054910243,0.7478517722878626,8,4,0.5714285714285715,135345,0.9957035445757251,2176,0.6666666666666666,0.5,927,8
KBest_11_mutual_info_classif_Oversampling_eval2,0.9873284054910243,0.7478517722878626,8,4,0.5714285714285715,135345,0.9957035445757251,2176,0.6666666666666666,0.5,927,8
KBest_27_chi2_NoResampling_eval2,0.986272439281943,0.7473147153598281,8,5,0.5517241379310345,135576,0.9946294307196563,1945,0.6153846153846154,0.5,926,8
KBest_90_chi2_NoResampling_eval2,0.986272439281943,0.7473147153598281,8,5,0.5517241379310345,135227,0.9946294307196563,2294,0.6153846153846154,0.5,926,8
KBest_91_chi2_NoResampling_eval2,0.986272439281943,0.7473147153598281,8,5,0.5517241379310345,135257,0.9946294307196563,2264,0.6153846153846154,0.5,926,8
KBest_27_f_classif_NoResampling_eval2,0.986272439281943,0.7473147153598281,8,5,0.5517241379310345,135576,0.9946294307196563,1945,0.6153846153846154,0.5,926,8
KBest_84_mutual_info_classif_NoResampling_eval2,0.986272439281943,0.7473147153598281,8,5,0.5517241379310345,135162,0.9946294307196563,2359,0.6153846153846154,0.5,926,8
KBest_98_mutual_info_classif_NoResampling_eval2,0.986272439281943,0.7473147153598281,8,5,0.5517241379310345,135092,0.9946294307196563,2429,0.6153846153846154,0.5,926,8
KBest_14_mutual_info_classif_NoResampling_eval2,0.9841605068637803,0.7462406015037594,8,7,0.5161290322580646,135463,0.9924812030075187,2058,0.5333333333333333,0.5,924,8
KBest_42_mutual_info_classif_Oversampling_eval2,0.9757127771911299,0.7419441460794844,8,15,0.41025641025641024,133984,0.9838882921589689,3537,0.34782608695652173,0.5,916,8
KBest_1_chi2_NoResampling_eval2,0.9904963041182682,0.71875,9,0,0.6086956521739131,136389,1.0,1132,1.0,0.4375,931,7
KBest_2_chi2_NoResampling_eval2,0.9904963041182682,0.71875,9,0,0.6086956521739131,136179,1.0,1342,1.0,0.4375,931,7
KBest_1_f_classif_NoResampling_eval2,0.9904963041182682,0.71875,9,0,0.6086956521739131,136389,1.0,1132,1.0,0.4375,931,7
KBest_2_f_classif_NoResampling_eval2,0.9904963041182682,0.71875,9,0,0.6086956521739131,136179,1.0,1342,1.0,0.4375,931,7
KBest_1_mutual_info_classif_NoResampling_eval2,0.9904963041182682,0.71875,9,0,0.6086956521739131,136389,1.0,1132,1.0,0.4375,931,7
KBest_2_mutual_info_classif_NoResampling_eval2,0.9904963041182682,0.71875,9,0,0.6086956521739131,136389,1.0,1132,1.0,0.4375,931,7
KBest_3_mutual_info_classif_NoResampling_eval2,0.9904963041182682,0.71875,9,0,0.6086956521739131,136179,1.0,1342,1.0,0.4375,931,7
KBest_1_chi2_Oversampling_eval2,0.9904963041182682,0.71875,9,0,0.6086956521739131,136389,1.0,1132,1.0,0.4375,931,7
KBest_2_chi2_Oversampling_eval2,0.9904963041182682,0.71875,9,0,0.6086956521739131,136179,1.0,1342,1.0,0.4375,931,7
KBest_1_f_classif_Oversampling_eval2,0.9904963041182682,0.71875,9,0,0.6086956521739131,136389,1.0,1132,1.0,0.4375,931,7
KBest_2_f_classif_Oversampling_eval2,0.9904963041182682,0.71875,9,0,0.6086956521739131,136179,1.0,1342,1.0,0.4375,931,7
KBest_1_mutual_info_classif_Oversampling_eval2,0.9904963041182682,0.71875,9,0,0.6086956521739131,136389,1.0,1132,1.0,0.4375,931,7
KBest_56_f_classif_NoResampling_eval2,0.989440337909187,0.7182129430719657,9,1,0.5833333333333334,135374,0.9989258861439313,2147,875,0.4375,930,7
KBest_57_f_classif_NoResampling_eval2,0.989440337909187,0.7182129430719657,9,1,0.5833333333333334,135345,0.9989258861439313,2176,875,0.4375,930,7
KBest_30_mutual_info_classif_NoResampling_eval2,0.989440337909187,0.7182129430719657,9,1,0.5833333333333334,135314,0.9989258861439313,2207,875,0.4375,930,7
KBest_31_mutual_info_classif_NoResampling_eval2,0.989440337909187,0.7182129430719657,9,1,0.5833333333333334,135318,0.9989258861439313,2203,875,0.4375,930,7
KBest_33_mutual_info_classif_NoResampling_eval2,0.989440337909187,0.7182129430719657,9,1,0.5833333333333334,135345,0.9989258861439313,2176,875,0.4375,930,7
KBest_47_chi2_NoResampling_eval2,0.9883843717001056,0.7176758861439312,9,2,0.56,135388,0.9978517722878625,2133,0.7777777777777778,0.4375,929,7
KBest_48_chi2_NoResampling_eval2,0.9883843717001056,0.7176758861439312,9,2,0.56,135369,0.9978517722878625,2152,0.7777777777777778,0.4375,929,7
KBest_49_chi2_NoResampling_eval2,0.9883843717001056,0.7176758861439312,9,2,0.56,135430,0.9978517722878625,2091,0.7777777777777778,0.4375,929,7
KBest_50_chi2_NoResampling_eval2,0.9883843717001056,0.7176758861439312,9,2,0.56,135350,0.9978517722878625,2171,0.7777777777777778,0.4375,929,7
KBest_52_chi2_NoResampling_eval2,0.9883843717001056,0.7176758861439312,9,2,0.56,135435,0.9978517722878625,2086,0.7777777777777778,0.4375,929,7
KBest_54_chi2_NoResampling_eval2,0.9883843717001056,0.7176758861439312,9,2,0.56,135407,0.9978517722878625,2114,0.7777777777777778,0.4375,929,7
KBest_56_chi2_NoResampling_eval2,0.9883843717001056,0.7176758861439312,9,2,0.56,135385,0.9978517722878625,2136,0.7777777777777778,0.4375,929,7
KBest_58_chi2_NoResampling_eval2,0.9883843717001056,0.7176758861439312,9,2,0.56,135360,0.9978517722878625,2161,0.7777777777777778,0.4375,929,7
KBest_60_chi2_NoResampling_eval2,0.9883843717001056,0.7176758861439312,9,2,0.56,135388,0.9978517722878625,2133,0.7777777777777778,0.4375,929,7
KBest_47_f_classif_NoResampling_eval2,0.9883843717001056,0.7176758861439312,9,2,0.56,135388,0.9978517722878625,2133,0.7777777777777778,0.4375,929,7
KBest_51_f_classif_NoResampling_eval2,0.9883843717001056,0.7176758861439312,9,2,0.56,135346,0.9978517722878625,2175,0.7777777777777778,0.4375,929,7
KBest_73_f_classif_NoResampling_eval2,0.9883843717001056,0.7176758861439312,9,2,0.56,135181,0.9978517722878625,2340,0.7777777777777778,0.4375,929,7
KBest_29_mutual_info_classif_NoResampling_eval2,0.9883843717001056,0.7176758861439312,9,2,0.56,135329,0.9978517722878625,2192,0.7777777777777778,0.4375,929,7
KBest_36_mutual_info_classif_NoResampling_eval2,0.9883843717001056,0.7176758861439312,9,2,0.56,135133,0.9978517722878625,2388,0.7777777777777778,0.4375,929,7
KBest_63_mutual_info_classif_NoResampling_eval2,0.9883843717001056,0.7176758861439312,9,2,0.56,135286,0.9978517722878625,2235,0.7777777777777778,0.4375,929,7
KBest_64_mutual_info_classif_NoResampling_eval2,0.9883843717001056,0.7176758861439312,9,2,0.56,135261,0.9978517722878625,2260,0.7777777777777778,0.4375,929,7
KBest_65_mutual_info_classif_NoResampling_eval2,0.9883843717001056,0.7176758861439312,9,2,0.56,135236,0.9978517722878625,2285,0.7777777777777778,0.4375,929,7
KBest_70_mutual_info_classif_NoResampling_eval2,0.9883843717001056,0.7176758861439312,9,2,0.56,135205,0.9978517722878625,2316,0.7777777777777778,0.4375,929,7
KBest_71_mutual_info_classif_NoResampling_eval2,0.9883843717001056,0.7176758861439312,9,2,0.56,135233,0.9978517722878625,2288,0.7777777777777778,0.4375,929,7
KBest_38_chi2_NoResampling_eval2,0.9873284054910243,0.7171388292158969,9,3,0.5384615384615384,135367,0.9967776584317938,2154,0.7,0.4375,928,7
KBest_39_chi2_NoResampling_eval2,0.9873284054910243,0.7171388292158969,9,3,0.5384615384615384,135349,0.9967776584317938,2172,0.7,0.4375,928,7
KBest_40_chi2_NoResampling_eval2,0.9873284054910243,0.7171388292158969,9,3,0.5384615384615384,135396,0.9967776584317938,2125,0.7,0.4375,928,7
KBest_41_chi2_NoResampling_eval2,0.9873284054910243,0.7171388292158969,9,3,0.5384615384615384,135303,0.9967776584317938,2218,0.7,0.4375,928,7
KBest_42_chi2_NoResampling_eval2,0.9873284054910243,0.7171388292158969,9,3,0.5384615384615384,135265,0.9967776584317938,2256,0.7,0.4375,928,7
KBest_99_chi2_NoResampling_eval2,0.9873284054910243,0.7171388292158969,9,3,0.5384615384615384,135127,0.9967776584317938,2394,0.7,0.4375,928,7
KBest_39_f_classif_NoResampling_eval2,0.9873284054910243,0.7171388292158969,9,3,0.5384615384615384,135280,0.9967776584317938,2241,0.7,0.4375,928,7
KBest_41_f_classif_NoResampling_eval2,0.9873284054910243,0.7171388292158969,9,3,0.5384615384615384,135279,0.9967776584317938,2242,0.7,0.4375,928,7
KBest_42_f_classif_NoResampling_eval2,0.9873284054910243,0.7171388292158969,9,3,0.5384615384615384,135265,0.9967776584317938,2256,0.7,0.4375,928,7
KBest_43_f_classif_NoResampling_eval2,0.9873284054910243,0.7171388292158969,9,3,0.5384615384615384,135292,0.9967776584317938,2229,0.7,0.4375,928,7
KBest_86_f_classif_NoResampling_eval2,0.9873284054910243,0.7171388292158969,9,3,0.5384615384615384,135228,0.9967776584317938,2293,0.7,0.4375,928,7
KBest_89_f_classif_NoResampling_eval2,0.9873284054910243,0.7171388292158969,9,3,0.5384615384615384,135265,0.9967776584317938,2256,0.7,0.4375,928,7
KBest_96_f_classif_NoResampling_eval2,0.9873284054910243,0.7171388292158969,9,3,0.5384615384615384,135174,0.9967776584317938,2347,0.7,0.4375,928,7
KBest_28_mutual_info_classif_NoResampling_eval2,0.9873284054910243,0.7171388292158969,9,3,0.5384615384615384,135345,0.9967776584317938,2176,0.7,0.4375,928,7
KBest_32_mutual_info_classif_NoResampling_eval2,0.9873284054910243,0.7171388292158969,9,3,0.5384615384615384,135279,0.9967776584317938,2242,0.7,0.4375,928,7
KBest_35_mutual_info_classif_NoResampling_eval2,0.9873284054910243,0.7171388292158969,9,3,0.5384615384615384,135184,0.9967776584317938,2337,0.7,0.4375,928,7
KBest_73_mutual_info_classif_NoResampling_eval2,0.9873284054910243,0.7171388292158969,9,3,0.5384615384615384,135212,0.9967776584317938,2309,0.7,0.4375,928,7
KBest_75_mutual_info_classif_NoResampling_eval2,0.9873284054910243,0.7171388292158969,9,3,0.5384615384615384,135207,0.9967776584317938,2314,0.7,0.4375,928,7
KBest_83_mutual_info_classif_NoResampling_eval2,0.9873284054910243,0.7171388292158969,9,3,0.5384615384615384,135217,0.9967776584317938,2304,0.7,0.4375,928,7
KBest_95_mutual_info_classif_NoResampling_eval2,0.9873284054910243,0.7171388292158969,9,3,0.5384615384615384,135231,0.9967776584317938,2290,0.7,0.4375,928,7
KBest_89_chi2_NoResampling_eval2,0.986272439281943,0.7166017722878626,9,4,0.5185185185185185,135259,0.9957035445757251,2262,0.6363636363636364,0.4375,927,7
KBest_24_mutual_info_classif_NoResampling_eval2,0.986272439281943,0.7166017722878626,9,4,0.5185185185185185,135353,0.9957035445757251,2168,0.6363636363636364,0.4375,927,7
KBest_25_mutual_info_classif_NoResampling_eval2,0.986272439281943,0.7166017722878626,9,4,0.5185185185185185,135372,0.9957035445757251,2149,0.6363636363636364,0.4375,927,7
KBest_26_mutual_info_classif_NoResampling_eval2,0.986272439281943,0.7166017722878626,9,4,0.5185185185185185,135359,0.9957035445757251,2162,0.6363636363636364,0.4375,927,7
KBest_78_mutual_info_classif_NoResampling_eval2,0.986272439281943,0.7166017722878626,9,4,0.5185185185185185,135265,0.9957035445757251,2256,0.6363636363636364,0.4375,927,7
KBest_80_mutual_info_classif_NoResampling_eval2,0.986272439281943,0.7166017722878626,9,4,0.5185185185185185,135212,0.9957035445757251,2309,0.6363636363636364,0.4375,927,7
KBest_81_mutual_info_classif_NoResampling_eval2,0.986272439281943,0.7166017722878626,9,4,0.5185185185185185,135210,0.9957035445757251,2311,0.6363636363636364,0.4375,927,7
KBest_90_mutual_info_classif_NoResampling_eval2,0.986272439281943,0.7166017722878626,9,4,0.5185185185185185,135213,0.9957035445757251,2308,0.6363636363636364,0.4375,927,7
KBest_91_mutual_info_classif_NoResampling_eval2,0.986272439281943,0.7166017722878626,9,4,0.5185185185185185,135201,0.9957035445757251,2320,0.6363636363636364,0.4375,927,7
KBest_94_mutual_info_classif_NoResampling_eval2,0.986272439281943,0.7166017722878626,9,4,0.5185185185185185,135218,0.9957035445757251,2303,0.6363636363636364,0.4375,927,7
KBest_97_mutual_info_classif_NoResampling_eval2,0.986272439281943,0.7166017722878626,9,4,0.5185185185185185,135168,0.9957035445757251,2353,0.6363636363636364,0.4375,927,7
KBest_38_mutual_info_classif_NoResampling_eval2,0.9852164730728616,0.7160647153598281,9,5,0.5,135065,0.9946294307196563,2456,0.5833333333333334,0.4375,926,7
KBest_39_mutual_info_classif_NoResampling_eval2,0.9852164730728616,0.7160647153598281,9,5,0.5,135098,0.9946294307196563,2423,0.5833333333333334,0.4375,926,7
KBest_42_mutual_info_classif_NoResampling_eval2,0.9852164730728616,0.7160647153598281,9,5,0.5,135088,0.9946294307196563,2433,0.5833333333333334,0.4375,926,7
KBest_40_mutual_info_classif_NoResampling_eval2,0.9841605068637803,0.7155276584317938,9,6,0.4827586206896552,135017,0.9935553168635876,2504,0.5384615384615384,0.4375,925,7
KBest_44_chi2_NoResampling_eval2,0.9873284054910243,0.6864258861439312,10,2,0.5,135410,0.9978517722878625,2111,0.75,375,929,6
KBest_45_chi2_NoResampling_eval2,0.9873284054910243,0.6864258861439312,10,2,0.5,135421,0.9978517722878625,2100,0.75,375,929,6
KBest_53_chi2_NoResampling_eval2,0.9873284054910243,0.6864258861439312,10,2,0.5,135440,0.9978517722878625,2081,0.75,375,929,6
KBest_55_chi2_NoResampling_eval2,0.9873284054910243,0.6864258861439312,10,2,0.5,135486,0.9978517722878625,2035,0.75,375,929,6
KBest_57_chi2_NoResampling_eval2,0.9873284054910243,0.6864258861439312,10,2,0.5,135419,0.9978517722878625,2102,0.75,375,929,6
KBest_59_chi2_NoResampling_eval2,0.9873284054910243,0.6864258861439312,10,2,0.5,135353,0.9978517722878625,2168,0.75,375,929,6
KBest_61_chi2_NoResampling_eval2,0.9873284054910243,0.6864258861439312,10,2,0.5,135447,0.9978517722878625,2074,0.75,375,929,6
KBest_62_chi2_NoResampling_eval2,0.9873284054910243,0.6864258861439312,10,2,0.5,135471,0.9978517722878625,2050,0.75,375,929,6
KBest_64_chi2_NoResampling_eval2,0.9873284054910243,0.6864258861439312,10,2,0.5,135434,0.9978517722878625,2087,0.75,375,929,6
KBest_65_chi2_NoResampling_eval2,0.9873284054910243,0.6864258861439312,10,2,0.5,135427,0.9978517722878625,2094,0.75,375,929,6
KBest_66_chi2_NoResampling_eval2,0.9873284054910243,0.6864258861439312,10,2,0.5,135438,0.9978517722878625,2083,0.75,375,929,6
KBest_67_chi2_NoResampling_eval2,0.9873284054910243,0.6864258861439312,10,2,0.5,135413,0.9978517722878625,2108,0.75,375,929,6
KBest_68_chi2_NoResampling_eval2,0.9873284054910243,0.6864258861439312,10,2,0.5,135395,0.9978517722878625,2126,0.75,375,929,6
KBest_69_chi2_NoResampling_eval2,0.9873284054910243,0.6864258861439312,10,2,0.5,135466,0.9978517722878625,2055,0.75,375,929,6
KBest_70_chi2_NoResampling_eval2,0.9873284054910243,0.6864258861439312,10,2,0.5,135343,0.9978517722878625,2178,0.75,375,929,6
KBest_71_chi2_NoResampling_eval2,0.9873284054910243,0.6864258861439312,10,2,0.5,135322,0.9978517722878625,2199,0.75,375,929,6
KBest_72_chi2_NoResampling_eval2,0.9873284054910243,0.6864258861439312,10,2,0.5,135368,0.9978517722878625,2153,0.75,375,929,6
KBest_73_chi2_NoResampling_eval2,0.9873284054910243,0.6864258861439312,10,2,0.5,135387,0.9978517722878625,2134,0.75,375,929,6
KBest_74_chi2_NoResampling_eval2,0.9873284054910243,0.6864258861439312,10,2,0.5,135369,0.9978517722878625,2152,0.75,375,929,6
KBest_75_chi2_NoResampling_eval2,0.9873284054910243,0.6864258861439312,10,2,0.5,135371,0.9978517722878625,2150,0.75,375,929,6
KBest_76_chi2_NoResampling_eval2,0.9873284054910243,0.6864258861439312,10,2,0.5,135381,0.9978517722878625,2140,0.75,375,929,6
KBest_77_chi2_NoResampling_eval2,0.9873284054910243,0.6864258861439312,10,2,0.5,135364,0.9978517722878625,2157,0.75,375,929,6
KBest_78_chi2_NoResampling_eval2,0.9873284054910243,0.6864258861439312,10,2,0.5,135373,0.9978517722878625,2148,0.75,375,929,6
KBest_79_chi2_NoResampling_eval2,0.9873284054910243,0.6864258861439312,10,2,0.5,135339,0.9978517722878625,2182,0.75,375,929,6
KBest_38_f_classif_NoResampling_eval2,0.9873284054910243,0.6864258861439312,10,2,0.5,135563,0.9978517722878625,1958,0.75,375,929,6
KBest_44_f_classif_NoResampling_eval2,0.9873284054910243,0.6864258861439312,10,2,0.5,135410,0.9978517722878625,2111,0.75,375,929,6
KBest_45_f_classif_NoResampling_eval2,0.9873284054910243,0.6864258861439312,10,2,0.5,135376,0.9978517722878625,2145,0.75,375,929,6
KBest_49_f_classif_NoResampling_eval2,0.9873284054910243,0.6864258861439312,10,2,0.5,135357,0.9978517722878625,2164,0.75,375,929,6
KBest_50_f_classif_NoResampling_eval2,0.9873284054910243,0.6864258861439312,10,2,0.5,135395,0.9978517722878625,2126,0.75,375,929,6
KBest_70_f_classif_NoResampling_eval2,0.9873284054910243,0.6864258861439312,10,2,0.5,135254,0.9978517722878625,2267,0.75,375,929,6
KBest_75_f_classif_NoResampling_eval2,0.9873284054910243,0.6864258861439312,10,2,0.5,135214,0.9978517722878625,2307,0.75,375,929,6
KBest_76_f_classif_NoResampling_eval2,0.9873284054910243,0.6864258861439312,10,2,0.5,135249,0.9978517722878625,2272,0.75,375,929,6
KBest_78_f_classif_NoResampling_eval2,0.9873284054910243,0.6864258861439312,10,2,0.5,135250,0.9978517722878625,2271,0.75,375,929,6
KBest_34_mutual_info_classif_NoResampling_eval2,0.9873284054910243,0.6864258861439312,10,2,0.5,135296,0.9978517722878625,2225,0.75,375,929,6
KBest_43_mutual_info_classif_NoResampling_eval2,0.9873284054910243,0.6864258861439312,10,2,0.5,135337,0.9978517722878625,2184,0.75,375,929,6
KBest_44_mutual_info_classif_NoResampling_eval2,0.9873284054910243,0.6864258861439312,10,2,0.5,135362,0.9978517722878625,2159,0.75,375,929,6
KBest_45_mutual_info_classif_NoResampling_eval2,0.9873284054910243,0.6864258861439312,10,2,0.5,135348,0.9978517722878625,2173,0.75,375,929,6
KBest_46_mutual_info_classif_NoResampling_eval2,0.9873284054910243,0.6864258861439312,10,2,0.5,135309,0.9978517722878625,2212,0.75,375,929,6
KBest_67_mutual_info_classif_NoResampling_eval2,0.9873284054910243,0.6864258861439312,10,2,0.5,135202,0.9978517722878625,2319,0.75,375,929,6
KBest_28_chi2_NoResampling_eval2,0.986272439281943,0.6858888292158969,10,3,0.4800000000000001,135786,0.9967776584317938,1735,0.6666666666666666,375,928,6
KBest_29_chi2_NoResampling_eval2,0.986272439281943,0.6858888292158969,10,3,0.4800000000000001,135738,0.9967776584317938,1783,0.6666666666666666,375,928,6
KBest_30_chi2_NoResampling_eval2,0.986272439281943,0.6858888292158969,10,3,0.4800000000000001,135763,0.9967776584317938,1758,0.6666666666666666,375,928,6
KBest_31_chi2_NoResampling_eval2,0.986272439281943,0.6858888292158969,10,3,0.4800000000000001,135729,0.9967776584317938,1792,0.6666666666666666,375,928,6
KBest_32_chi2_NoResampling_eval2,0.986272439281943,0.6858888292158969,10,3,0.4800000000000001,135698,0.9967776584317938,1823,0.6666666666666666,375,928,6
KBest_33_chi2_NoResampling_eval2,0.986272439281943,0.6858888292158969,10,3,0.4800000000000001,135755,0.9967776584317938,1766,0.6666666666666666,375,928,6
KBest_43_chi2_NoResampling_eval2,0.986272439281943,0.6858888292158969,10,3,0.4800000000000001,135269,0.9967776584317938,2252,0.6666666666666666,375,928,6
KBest_28_f_classif_NoResampling_eval2,0.986272439281943,0.6858888292158969,10,3,0.4800000000000001,135786,0.9967776584317938,1735,0.6666666666666666,375,928,6
KBest_29_f_classif_NoResampling_eval2,0.986272439281943,0.6858888292158969,10,3,0.4800000000000001,135738,0.9967776584317938,1783,0.6666666666666666,375,928,6
KBest_30_f_classif_NoResampling_eval2,0.986272439281943,0.6858888292158969,10,3,0.4800000000000001,135763,0.9967776584317938,1758,0.6666666666666666,375,928,6
KBest_40_f_classif_NoResampling_eval2,0.986272439281943,0.6858888292158969,10,3,0.4800000000000001,135284,0.9967776584317938,2237,0.6666666666666666,375,928,6
KBest_27_mutual_info_classif_NoResampling_eval2,0.986272439281943,0.6858888292158969,10,3,0.4800000000000001,135425,0.9967776584317938,2096,0.6666666666666666,375,928,6
KBest_85_mutual_info_classif_NoResampling_eval2,0.986272439281943,0.6858888292158969,10,3,0.4800000000000001,135209,0.9967776584317938,2312,0.6666666666666666,375,928,6
KBest_80_chi2_NoResampling_eval2,0.9852164730728616,0.6853517722878626,10,4,0.4615384615384615,135359,0.9957035445757251,2162,0.6,375,927,6
KBest_41_mutual_info_classif_NoResampling_eval2,0.9841605068637803,0.6848147153598281,10,5,0.4444444444444444,135083,0.9946294307196563,2438,0.5454545454545454,375,926,6
KBest_89_mutual_info_classif_NoResampling_eval2,0.9841605068637803,0.6848147153598281,10,5,0.4444444444444444,135191,0.9946294307196563,2330,0.5454545454545454,375,926,6
KBest_37_chi2_NoResampling_eval2,0.9873284054910243,0.6557129430719657,11,1,0.45454545454545453,135633,0.9989258861439313,1888,0.8333333333333334,0.3125,930,5
KBest_46_chi2_NoResampling_eval2,0.9873284054910243,0.6557129430719657,11,1,0.45454545454545453,135383,0.9989258861439313,2138,0.8333333333333334,0.3125,930,5
KBest_51_chi2_NoResampling_eval2,0.9873284054910243,0.6557129430719657,11,1,0.45454545454545453,135499,0.9989258861439313,2022,0.8333333333333334,0.3125,930,5
KBest_63_chi2_NoResampling_eval2,0.9873284054910243,0.6557129430719657,11,1,0.45454545454545453,135496,0.9989258861439313,2025,0.8333333333333334,0.3125,930,5
KBest_36_f_classif_NoResampling_eval2,0.9873284054910243,0.6557129430719657,11,1,0.45454545454545453,135657,0.9989258861439313,1864,0.8333333333333334,0.3125,930,5
KBest_37_f_classif_NoResampling_eval2,0.9873284054910243,0.6557129430719657,11,1,0.45454545454545453,135633,0.9989258861439313,1888,0.8333333333333334,0.3125,930,5
KBest_46_f_classif_NoResampling_eval2,0.9873284054910243,0.6557129430719657,11,1,0.45454545454545453,135383,0.9989258861439313,2138,0.8333333333333334,0.3125,930,5
KBest_48_f_classif_NoResampling_eval2,0.9873284054910243,0.6557129430719657,11,1,0.45454545454545453,135434,0.9989258861439313,2087,0.8333333333333334,0.3125,930,5
KBest_36_chi2_NoResampling_eval2,0.986272439281943,0.6551758861439312,11,2,0.43478260869565216,135661,0.9978517722878625,1860,0.7142857142857143,0.3125,929,5
KBest_35_f_classif_NoResampling_eval2,0.986272439281943,0.6551758861439312,11,2,0.43478260869565216,135582,0.9978517722878625,1939,0.7142857142857143,0.3125,929,5
KBest_58_mutual_info_classif_NoResampling_eval2,0.986272439281943,0.6551758861439312,11,2,0.43478260869565216,135302,0.9978517722878625,2219,0.7142857142857143,0.3125,929,5
KBest_76_mutual_info_classif_NoResampling_eval2,0.9852164730728616,0.6546388292158969,11,3,0.4166666666666667,135264,0.9967776584317938,2257,625,0.3125,928,5
KBest_35_chi2_NoResampling_eval2,0.9852164730728616,0.6239258861439312,12,2,0.36363636363636365,135733,0.9978517722878625,1788,0.6666666666666666,0.25,929,4
KBest_31_f_classif_NoResampling_eval2,0.9852164730728616,0.6239258861439312,12,2,0.36363636363636365,135768,0.9978517722878625,1753,0.6666666666666666,0.25,929,4
KBest_32_f_classif_NoResampling_eval2,0.9852164730728616,0.6239258861439312,12,2,0.36363636363636365,135697,0.9978517722878625,1824,0.6666666666666666,0.25,929,4
KBest_33_f_classif_NoResampling_eval2,0.9852164730728616,0.6239258861439312,12,2,0.36363636363636365,135762,0.9978517722878625,1759,0.6666666666666666,0.25,929,4
KBest_34_chi2_NoResampling_eval2,0.9841605068637803,0.6233888292158969,12,3,0.34782608695652173,135687,0.9967776584317938,1834,0.5714285714285714,0.25,928,4
KBest_34_f_classif_NoResampling_eval2,0.9841605068637803,0.6233888292158969,12,3,0.34782608695652173,135687,0.9967776584317938,1834,0.5714285714285714,0.25,928,4
